Summary,ID,ptLTL,Generated ptLTL,Equivalence Check
1/1,classifier_assumption,(G (((classifier = 0) xor (classifier = 1)) xor (classifier = 2))),G((classifier=0 ∨ classifier=1 ∨ classifier=2)),True
1/1,dtt assumption,(G ((! (classifier = 0)) -> (distance_to_target >= 0))),G(((classifier=1 ∨ classifier=2) → (distance_to_target ≥ 0))),True
1/1,operationalstate_0,(G ((OpState = 0) -> ((((! slowdown) & (! halt)) & (! alert)) & (! turnoffUVC)))),G((OpState=0 → (¬slowdown ∧ ¬halt ∧ ¬alert ∧ ¬turnoffUVC))),True
1/1,operationalstate_1,(G ((OpState = 1) -> ((((! slowdown) & (! halt)) & alert) & (! turnoffUVC)))),G((OpState=1 → (alert ∧ ¬slowdown ∧ ¬halt ∧ ¬turnoffUVC))),True
1/1,operationalstate_2,(G ((OpState = 2) -> (((slowdown & (! halt)) & alert) & (! turnoffUVC)))),G((OpState=2 → (slowdown ∧ alert ∧ ¬halt ∧ ¬turnoffUVC))),True
0/1,operationalstate_3,(G ((OpState = 3) -> ((((! slowdown) & halt) & alert) & turnoffUVC))),G((OpState = 3) → (halt ∧ turnoffUVC ∧ ¬slowdown ∧ ¬alert)),False
1/1,state_req000,(G ((classifier = 0) -> (OpState = 0))),G((classifier = 0) → (OpState = 0)),True
0/1,state_req101,(G ((classifier = 1) -> (dgt_7 -> (OpState = 1)))),﻿G((classifier = 1 ∧ dgt_7) → (OpState = 1)),
1/1,state_req102,(G ((classifier = 1) -> (((! dgt_7) & dgt_3) -> (OpState = 2)))),G((classifier = 1 ∧ dgt_3 ∧ ¬dgt_7) → (OpState = 2)),True
1/1,state_req103,(G ((classifier = 1) -> ((! dgt_3) -> (OpState = 3)))),G((classifier = 1 ∧ ¬dgt_3) → (OpState = 3)),True
1/1,state_req201,(G ((classifier = 2) -> (dgt_7 -> (OpState = 2)))),G((classifier = 2 ∧ dgt_7) → (OpState = 2)),True
1/1,state_req202,(G ((classifier = 2) -> (((! dgt_7) & dgt_3) -> (OpState = 3)))),G((classifier = 2 ∧ dgt_3 ∧ ¬dgt_7) → (OpState = 3)),True
1/1,state_req203,(G ((classifier = 2) -> ((! dgt_3) -> (OpState = 3)))),G((classifier = 2 ∧ ¬dgt_3) → (OpState = 3)),True
2/2,classifier_assumption,(G (((classifier = 0) xor (classifier = 1)) xor (classifier = 2))),G (classifier = 0 ∨ classifier = 1 ∨ classifier = 2),True
2/2,dtt assumption,(G ((! (classifier = 0)) -> (distance_to_target >= 0))),G (((classifier = 1 ∨ classifier = 2) → (distance_to_target ≥ 0))),True
2/2,operationalstate_0,(G ((OpState = 0) -> ((((! slowdown) & (! halt)) & (! alert)) & (! turnoffUVC)))),G ((OpState = 0) → (¬slowdown ∧ ¬halt ∧ ¬alert ∧ ¬turnoffUVC)),True
2/2,operationalstate_1,(G ((OpState = 1) -> ((((! slowdown) & (! halt)) & alert) & (! turnoffUVC)))),G ((OpState = 1) → (alert ∧ ¬slowdown ∧ ¬halt ∧ ¬turnoffUVC)),True
2/2,operationalstate_2,(G ((OpState = 2) -> (((slowdown & (! halt)) & alert) & (! turnoffUVC)))),G ((OpState = 2) → (alert ∧ slowdown ∧ ¬halt ∧ ¬turnoffUVC)),True
0/2,operationalstate_3,(G ((OpState = 3) -> ((((! slowdown) & halt) & alert) & turnoffUVC))),G((OpState = 3) → (halt ∧ turnoffUVC ∧ ¬slowdown ∧ ¬alert)),False
2/2,state_req000,(G ((classifier = 0) -> (OpState = 0))),G((classifier = 0) → (OpState = 0)),True
1/2,state_req101,(G ((classifier = 1) -> (dgt_7 -> (OpState = 1)))),G(((classifier = 1) ∧ dgt_7) → (OpState = 1)),True
2/2,state_req102,(G ((classifier = 1) -> (((! dgt_7) & dgt_3) -> (OpState = 2)))),G(((classifier = 1) ∧ ¬dgt_7 ∧ dgt_3) → (OpState = 2)),True
2/2,state_req103,(G ((classifier = 1) -> ((! dgt_3) -> (OpState = 3)))),G(((classifier = 1) ∧ ¬dgt_3) → (OpState = 3)),True
2/2,state_req201,(G ((classifier = 2) -> (dgt_7 -> (OpState = 2)))),(classifier = 2 ∧ dgt_7) → G(OpState = 2),False
2/2,state_req202,(G ((classifier = 2) -> (((! dgt_7) & dgt_3) -> (OpState = 3)))),(classifier = 2 ∧ dgt_3 ∧ ¬dgt_7) → G(OpState = 3),False
2/2,state_req203,(G ((classifier = 2) -> ((! dgt_3) -> (OpState = 3)))),(classifier = 2 ∧ ¬dgt_3) → G(OpState = 3),False
3/3,classifier_assumption,(G (((classifier = 0) xor (classifier = 1)) xor (classifier = 2))),G(classifier=0 ∨ classifier=1 ∨ classifier=2),True
2/3,dtt assumption,(G ((! (classifier = 0)) -> (distance_to_target >= 0))),G((classifier≠0) → (distance_to_target≥0)),True
3/3,operationalstate_0,(G ((OpState = 0) -> ((((! slowdown) & (! halt)) & (! alert)) & (! turnoffUVC)))),G((OpState=0) → (¬slowdown ∧ ¬halt ∧ ¬alert ∧ ¬turnoffUVC)),True
3/3,operationalstate_1,(G ((OpState = 1) -> ((((! slowdown) & (! halt)) & alert) & (! turnoffUVC)))),G((OpState=1) → (alert ∧ ¬slowdown ∧ ¬halt ∧ ¬turnoffUVC)),True
3/3,operationalstate_2,(G ((OpState = 2) -> (((slowdown & (! halt)) & alert) & (! turnoffUVC)))),G((OpState=2) → (slowdown ∧ alert ∧ ¬halt ∧ ¬turnoffUVC)),True
0/3,operationalstate_3,(G ((OpState = 3) -> ((((! slowdown) & halt) & alert) & turnoffUVC))),G((OpState = 3) → (halt ∧ turnoffUVC ∧ ¬slowdown ∧ ¬alert)),False
3/3,state_req000,(G ((classifier = 0) -> (OpState = 0))),G((classifier = 0) → (OpState = 0)),True
2/3,state_req101,(G ((classifier = 1) -> (dgt_7 -> (OpState = 1)))),G((classifier = 1 ∧ dgt_7) → (OpState = 1)),True
3/3,state_req102,(G ((classifier = 1) -> (((! dgt_7) & dgt_3) -> (OpState = 2)))),G((classifier = 1 ∧ ¬dgt_7 ∧ dgt_3) → (OpState = 2)),True
3/3,state_req103,(G ((classifier = 1) -> ((! dgt_3) -> (OpState = 3)))),G((classifier = 1 ∧ ¬dgt_3) → (OpState = 3)),True
2/3,state_req201,(G ((classifier = 2) -> (dgt_7 -> (OpState = 2)))),((classifier = 2 & dgt_7) → OpState = 2) G true,
2/3,state_req202,(G ((classifier = 2) -> (((! dgt_7) & dgt_3) -> (OpState = 3)))),((classifier = 2 & dgt_3 & ¬dgt_7) → OpState = 3) G true,
2/3,state_req203,(G ((classifier = 2) -> ((! dgt_3) -> (OpState = 3)))),((classifier = 2 & ¬dgt_3) → OpState = 3) G true,
4/4,classifier_assumption,(G (((classifier = 0) xor (classifier = 1)) xor (classifier = 2))),G(classifier = 0 ∨ classifier = 1 ∨ classifier = 2),True
2/4,dtt assumption,(G ((! (classifier = 0)) -> (distance_to_target >= 0))),G((classifier ≠ 0) → distance_to_target ≥ 0),True
4/4,operationalstate_0,(G ((OpState = 0) -> ((((! slowdown) & (! halt)) & (! alert)) & (! turnoffUVC)))),G((OpState = 0) → (¬slowdown ∧ ¬halt ∧ ¬alert ∧ ¬turnoffUVC)),True
4/4,operationalstate_1,(G ((OpState = 1) -> ((((! slowdown) & (! halt)) & alert) & (! turnoffUVC)))),G((OpState = 1) → (alert ∧ ¬slowdown ∧ ¬halt ∧ ¬turnoffUVC)),True
4/4,operationalstate_2,(G ((OpState = 2) -> (((slowdown & (! halt)) & alert) & (! turnoffUVC)))),G((OpState = 2) → (slowdown ∧ alert ∧ ¬halt ∧ ¬turnoffUVC)),True
0/4,operationalstate_3,(G ((OpState = 3) -> ((((! slowdown) & halt) & alert) & turnoffUVC))),G((OpState = 3) → (halt ∧ turnoffUVC ∧ ¬slowdown ∧ ¬alert)),False
4/4,state_req000,(G ((classifier = 0) -> (OpState = 0))),G((classifier = 0) → (OpState = 0)),True
3/4,state_req101,(G ((classifier = 1) -> (dgt_7 -> (OpState = 1)))),G(((classifier = 1) ∧ dgt_7) → (OpState = 1)),True
4/4,state_req102,(G ((classifier = 1) -> (((! dgt_7) & dgt_3) -> (OpState = 2)))),G(((classifier = 1) ∧ ¬dgt_7 ∧ dgt_3) → (OpState = 2)),True
4/4,state_req103,(G ((classifier = 1) -> ((! dgt_3) -> (OpState = 3)))),G(((classifier = 1) ∧ ¬dgt_3) → (OpState = 3)),True
3/4,state_req201,(G ((classifier = 2) -> (dgt_7 -> (OpState = 2)))),G((classifier = 2 ∧ dgt_7) → OpState = 2),True
3/4,state_req202,(G ((classifier = 2) -> (((! dgt_7) & dgt_3) -> (OpState = 3)))),G((classifier = 2 ∧ dgt_3 ∧ ¬dgt_7) → OpState = 3),True
3/4,state_req203,(G ((classifier = 2) -> ((! dgt_3) -> (OpState = 3)))),G((classifier = 2 ∧ ¬dgt_3) → OpState = 3),True
5/5,classifier_assumption,(G (((classifier = 0) xor (classifier = 1)) xor (classifier = 2))),G((classifier = 0 ∨ classifier = 1 ∨ classifier = 2)),True
2/5,dtt assumption,(G ((! (classifier = 0)) -> (distance_to_target >= 0))),G(((classifier ≠ 0) → (distance_to_target ≥ 0))),True
5/5,operationalstate_0,(G ((OpState = 0) -> ((((! slowdown) & (! halt)) & (! alert)) & (! turnoffUVC)))),G(((OpState = 0) → (¬slowdown ∧ ¬halt ∧ ¬alert ∧ ¬turnoffUVC))),True
5/5,operationalstate_1,(G ((OpState = 1) -> ((((! slowdown) & (! halt)) & alert) & (! turnoffUVC)))),G(((OpState = 1) → (alert ∧ ¬slowdown ∧ ¬halt ∧ ¬turnoffUVC))),True
5/5,operationalstate_2,(G ((OpState = 2) -> (((slowdown & (! halt)) & alert) & (! turnoffUVC)))),G(((OpState = 2) → (slowdown ∧ alert ∧ ¬halt ∧ ¬turnoffUVC))),True
0/5,operationalstate_3,(G ((OpState = 3) -> ((((! slowdown) & halt) & alert) & turnoffUVC))),G((OpState = 3) -> (halt ∧ turnoffUVC ∧ ¬slowdown ∧ ¬alert)),False
5/5,state_req000,(G ((classifier = 0) -> (OpState = 0))),G((classifier = 0) -> (OpState = 0)),True
4/5,state_req101,(G ((classifier = 1) -> (dgt_7 -> (OpState = 1)))),G((classifier = 1 ∧ dgt_7) -> (OpState = 1)),True
5/5,state_req102,(G ((classifier = 1) -> (((! dgt_7) & dgt_3) -> (OpState = 2)))),G((classifier = 1 ∧ ¬dgt_7 ∧ dgt_3) -> (OpState = 2)),True
5/5,state_req103,(G ((classifier = 1) -> ((! dgt_3) -> (OpState = 3)))),G((classifier = 1 ∧ ¬dgt_3) -> (OpState = 3)),True
4/5,state_req201,(G ((classifier = 2) -> (dgt_7 -> (OpState = 2)))),G((classifier = 2 ∧ dgt_7) → OpState = 2),True
4/5,state_req202,(G ((classifier = 2) -> (((! dgt_7) & dgt_3) -> (OpState = 3)))),G((classifier = 2 ∧ ¬dgt_7 ∧ dgt_3) → OpState = 3),True
4/5,state_req203,(G ((classifier = 2) -> ((! dgt_3) -> (OpState = 3)))),G((classifier = 2 ∧ ¬dgt_3) → OpState = 3),True
6/6,classifier_assumption,(G (((classifier = 0) xor (classifier = 1)) xor (classifier = 2))),G（classifier = 0 ∨ classifier = 1 ∨ classifier = 2）,
2/6,dtt assumption,(G ((! (classifier = 0)) -> (distance_to_target >= 0))),G（(classifier ≠ 0) → (distance_to_target ≥ 0)）,
6/6,operationalstate_0,(G ((OpState = 0) -> ((((! slowdown) & (! halt)) & (! alert)) & (! turnoffUVC)))),G（(OpState = 0) → (¬slowdown ∧ ¬halt ∧ ¬alert ∧ ¬turnoffUVC)）,
6/6,operationalstate_1,(G ((OpState = 1) -> ((((! slowdown) & (! halt)) & alert) & (! turnoffUVC)))),G（(OpState = 1) → (alert ∧ ¬slowdown ∧ ¬halt ∧ ¬turnoffUVC)）,
6/6,operationalstate_2,(G ((OpState = 2) -> (((slowdown & (! halt)) & alert) & (! turnoffUVC)))),G（(OpState = 2) → (slowdown ∧ alert ∧ ¬halt ∧ ¬turnoffUVC)）,
0/6,operationalstate_3,(G ((OpState = 3) -> ((((! slowdown) & halt) & alert) & turnoffUVC))),G((OpState = 3) → (halt ∧ turnoffUVC ∧ ¬slowdown ∧ ¬alert)),False
6/6,state_req000,(G ((classifier = 0) -> (OpState = 0))),G((classifier = 0) → (OpState = 0)),True
5/6,state_req101,(G ((classifier = 1) -> (dgt_7 -> (OpState = 1)))),G(((classifier = 1) ∧ dgt_7) → (OpState = 1)),True
6/6,state_req102,(G ((classifier = 1) -> (((! dgt_7) & dgt_3) -> (OpState = 2)))),G(((classifier = 1) ∧ ¬dgt_7 ∧ dgt_3) → (OpState = 2)),True
6/6,state_req103,(G ((classifier = 1) -> ((! dgt_3) -> (OpState = 3)))),G(((classifier = 1) ∧ ¬dgt_3) → (OpState = 3)),True
5/6,state_req201,(G ((classifier = 2) -> (dgt_7 -> (OpState = 2)))),G ((classifier = 2 ∧ dgt_7) → OpState = 2),True
5/6,state_req202,(G ((classifier = 2) -> (((! dgt_7) & dgt_3) -> (OpState = 3)))),G ((classifier = 2 ∧ dgt_3 ∧ ¬dgt_7) → OpState = 3),True
5/6,state_req203,(G ((classifier = 2) -> ((! dgt_3) -> (OpState = 3)))),G ((classifier = 2 ∧ ¬dgt_3) → OpState = 3),True
7/7,classifier_assumption,(G (((classifier = 0) xor (classifier = 1)) xor (classifier = 2))),G((classifier = 0) ∨ (classifier = 1) ∨ (classifier = 2)),True
3/7,dtt assumption,(G ((! (classifier = 0)) -> (distance_to_target >= 0))),G(((classifier = 1) ∨ (classifier = 2)) → (distance_to_target ≥ 0)),True
7/7,operationalstate_0,(G ((OpState = 0) -> ((((! slowdown) & (! halt)) & (! alert)) & (! turnoffUVC)))),G((OpState = 0) → (¬slowdown ∧ ¬halt ∧ ¬alert ∧ ¬turnoffUVC)),True
7/7,operationalstate_1,(G ((OpState = 1) -> ((((! slowdown) & (! halt)) & alert) & (! turnoffUVC)))),G((OpState = 1) → (alert ∧ ¬slowdown ∧ ¬halt ∧ ¬turnoffUVC)),True
7/7,operationalstate_2,(G ((OpState = 2) -> (((slowdown & (! halt)) & alert) & (! turnoffUVC)))),G((OpState = 2) → (slowdown ∧ alert ∧ ¬halt ∧ ¬turnoffUVC)),True
0/7,operationalstate_3,(G ((OpState = 3) -> ((((! slowdown) & halt) & alert) & turnoffUVC))),G((OpState = 3) → (halt ∧ turnoffUVC ∧ ¬slowdown ∧ ¬alert)),False
7/7,state_req000,(G ((classifier = 0) -> (OpState = 0))),G((classifier = 0) → (OpState = 0)),True
6/7,state_req101,(G ((classifier = 1) -> (dgt_7 -> (OpState = 1)))),G(((classifier = 1) ∧ dgt_7) → (OpState = 1)),True
7/7,state_req102,(G ((classifier = 1) -> (((! dgt_7) & dgt_3) -> (OpState = 2)))),G(((classifier = 1) ∧ ¬dgt_7 ∧ dgt_3) → (OpState = 2)),True
7/7,state_req103,(G ((classifier = 1) -> ((! dgt_3) -> (OpState = 3)))),G(((classifier = 1) ∧ ¬dgt_3) → (OpState = 3)),True
6/7,state_req201,(G ((classifier = 2) -> (dgt_7 -> (OpState = 2)))),((classifier = 2) ∧ dgt_7) → (OpState = 2),False
6/7,state_req202,(G ((classifier = 2) -> (((! dgt_7) & dgt_3) -> (OpState = 3)))),((classifier = 2) ∧ dgt_3 ∧ ¬dgt_7) → (OpState = 3),False
6/7,state_req203,(G ((classifier = 2) -> ((! dgt_3) -> (OpState = 3)))),((classifier = 2) ∧ ¬dgt_3) → (OpState = 3),False
8/8,classifier_assumption,(G (((classifier = 0) xor (classifier = 1)) xor (classifier = 2))),G(classifier = 0 ∨ classifier = 1 ∨ classifier = 2),True
3/8,dtt assumption,(G ((! (classifier = 0)) -> (distance_to_target >= 0))),G((classifier ≠ 0) → (distance_to_target ≥ 0)),True
8/8,operationalstate_0,(G ((OpState = 0) -> ((((! slowdown) & (! halt)) & (! alert)) & (! turnoffUVC)))),G((OpState = 0) → (¬slowdown ∧ ¬halt ∧ ¬alert ∧ ¬turnoffUVC)),True
8/8,operationalstate_1,(G ((OpState = 1) -> ((((! slowdown) & (! halt)) & alert) & (! turnoffUVC)))),G((OpState = 1) → (alert ∧ ¬slowdown ∧ ¬halt ∧ ¬turnoffUVC)),True
8/8,operationalstate_2,(G ((OpState = 2) -> (((slowdown & (! halt)) & alert) & (! turnoffUVC)))),G((OpState = 2) → (slowdown ∧ alert ∧ ¬halt ∧ ¬turnoffUVC)),True
0/8,operationalstate_3,(G ((OpState = 3) -> ((((! slowdown) & halt) & alert) & turnoffUVC))),G((OpState = 3) → (halt ∧ turnoffUVC ∧ ¬slowdown ∧ ¬alert)),False
8/8,state_req000,(G ((classifier = 0) -> (OpState = 0))),G((classifier = 0) → (OpState = 0)),True
7/8,state_req101,(G ((classifier = 1) -> (dgt_7 -> (OpState = 1)))),G(((classifier = 1) ∧ dgt_7) → (OpState = 1)),True
8/8,state_req102,(G ((classifier = 1) -> (((! dgt_7) & dgt_3) -> (OpState = 2)))),G(((classifier = 1) ∧ ¬dgt_7 ∧ dgt_3) → (OpState = 2)),True
8/8,state_req103,(G ((classifier = 1) -> ((! dgt_3) -> (OpState = 3)))),G(((classifier = 1) ∧ ¬dgt_3) → (OpState = 3)),True
7/8,state_req201,(G ((classifier = 2) -> (dgt_7 -> (OpState = 2)))),G((classifier=2 ∧ dgt_7) → (OpState=2)),True
7/8,state_req202,(G ((classifier = 2) -> (((! dgt_7) & dgt_3) -> (OpState = 3)))),G((classifier=2 ∧ ¬dgt_7 ∧ dgt_3) → (OpState=3)),True
7/8,state_req203,(G ((classifier = 2) -> ((! dgt_3) -> (OpState = 3)))),G((classifier=2 ∧ ¬dgt_3) → (OpState=3)),True
8/9,classifier_assumption,(G (((classifier = 0) xor (classifier = 1)) xor (classifier = 2))),G(classifier = 0 or classifier = 1 or classifier = 2),
3/9,dtt assumption,(G ((! (classifier = 0)) -> (distance_to_target >= 0))),G(((classifier = 1 or classifier = 2) → (distance_to_target ≥ 0))),
9/9,operationalstate_0,(G ((OpState = 0) -> ((((! slowdown) & (! halt)) & (! alert)) & (! turnoffUVC)))),G((OpState = 0) → (¬slowdown ∧ ¬halt ∧ ¬alert ∧ ¬turnoffUVC)),
9/9,operationalstate_1,(G ((OpState = 1) -> ((((! slowdown) & (! halt)) & alert) & (! turnoffUVC)))),G((OpState = 1) → (alert ∧ ¬slowdown ∧ ¬halt ∧ ¬turnoffUVC)),
9/9,operationalstate_2,(G ((OpState = 2) -> (((slowdown & (! halt)) & alert) & (! turnoffUVC)))),G((OpState = 2) → (slowdown ∧ alert ∧ ¬halt ∧ ¬turnoffUVC)),
0/9,operationalstate_3,(G ((OpState = 3) -> ((((! slowdown) & halt) & alert) & turnoffUVC))),G((OpState = 3) → (halt ∧ turnoffUVC ∧ ¬slowdown ∧ ¬alert)),False
9/9,state_req000,(G ((classifier = 0) -> (OpState = 0))),G((classifier = 0) → (OpState = 0)),True
8/9,state_req101,(G ((classifier = 1) -> (dgt_7 -> (OpState = 1)))),G(((classifier = 1) ∧ dgt_7) → (OpState = 1)),True
9/9,state_req102,(G ((classifier = 1) -> (((! dgt_7) & dgt_3) -> (OpState = 2)))),G(((classifier = 1) ∧ ¬dgt_7 ∧ dgt_3) → (OpState = 2)),True
9/9,state_req103,(G ((classifier = 1) -> ((! dgt_3) -> (OpState = 3)))),G(((classifier = 1) ∧ ¬dgt_3) → (OpState = 3)),True
8/9,state_req201,(G ((classifier = 2) -> (dgt_7 -> (OpState = 2)))),G((classifier = 2 ∧ dgt_7) → OpState = 2),True
8/9,state_req202,(G ((classifier = 2) -> (((! dgt_7) & dgt_3) -> (OpState = 3)))),G((classifier = 2 ∧ dgt_3 ∧ ¬dgt_7) → OpState = 3),True
8/9,state_req203,(G ((classifier = 2) -> ((! dgt_3) -> (OpState = 3)))),G((classifier = 2 ∧ ¬dgt_3) → OpState = 3),True
9/10,classifier_assumption,(G (((classifier = 0) xor (classifier = 1)) xor (classifier = 2))),G (classifier = 0 ∨ classifier = 1 ∨ classifier = 2),True
4/10,dtt assumption,(G ((! (classifier = 0)) -> (distance_to_target >= 0))),G (((classifier = 1 ∨ classifier = 2)) → (distance_to_target ≥ 0)),True
10/10,operationalstate_0,(G ((OpState = 0) -> ((((! slowdown) & (! halt)) & (! alert)) & (! turnoffUVC)))),G ((OpState = 0) → (¬slowdown ∧ ¬halt ∧ ¬alert ∧ ¬turnoffUVC)),True
10/10,operationalstate_1,(G ((OpState = 1) -> ((((! slowdown) & (! halt)) & alert) & (! turnoffUVC)))),G ((OpState = 1) → (alert ∧ ¬slowdown ∧ ¬halt ∧ ¬turnoffUVC)),True
10/10,operationalstate_2,(G ((OpState = 2) -> (((slowdown & (! halt)) & alert) & (! turnoffUVC)))),G ((OpState = 2) → (alert ∧ slowdown ∧ ¬halt ∧ ¬turnoffUVC)),True
0/10,operationalstate_3,(G ((OpState = 3) -> ((((! slowdown) & halt) & alert) & turnoffUVC))),G((OpState = 3) → (halt ∧ turnoffUVC ∧ ¬slowdown ∧ ¬alert)),False
10/10,state_req000,(G ((classifier = 0) -> (OpState = 0))),G((classifier = 0) → (OpState = 0)),True
9/10,state_req101,(G ((classifier = 1) -> (dgt_7 -> (OpState = 1)))),G((classifier = 1 ∧ dgt_7) → (OpState = 1)),True
10/10,state_req102,(G ((classifier = 1) -> (((! dgt_7) & dgt_3) -> (OpState = 2)))),G((classifier = 1 ∧ ¬dgt_7 ∧ dgt_3) → (OpState = 2)),True
10/10,state_req103,(G ((classifier = 1) -> ((! dgt_3) -> (OpState = 3)))),G((classifier = 1 ∧ ¬dgt_3) → (OpState = 3)),True
9/10,state_req201,(G ((classifier = 2) -> (dgt_7 -> (OpState = 2)))),(classifier = 2 ∧ dgt_7) → (OpState = 2),False
9/10,state_req202,(G ((classifier = 2) -> (((! dgt_7) & dgt_3) -> (OpState = 3)))),(classifier = 2 ∧ dgt_3 ∧ ¬dgt_7) → (OpState = 3),False
9/10,state_req203,(G ((classifier = 2) -> ((! dgt_3) -> (OpState = 3)))),(classifier = 2 ∧ ¬dgt_3) → (OpState = 3),False
10/11,classifier_assumption,(G (((classifier = 0) xor (classifier = 1)) xor (classifier = 2))),G (classifier = 0 ∨ classifier = 1 ∨ classifier = 2),True
4/11,dtt assumption,(G ((! (classifier = 0)) -> (distance_to_target >= 0))),G (classifier ≠ 0 → distance_to_target ≥ 0),True
11/11,operationalstate_0,(G ((OpState = 0) -> ((((! slowdown) & (! halt)) & (! alert)) & (! turnoffUVC)))),G (OpState = 0 → ¬slowdown ∧ ¬halt ∧ ¬alert ∧ ¬turnoffUVC),True
11/11,operationalstate_1,(G ((OpState = 1) -> ((((! slowdown) & (! halt)) & alert) & (! turnoffUVC)))),G (OpState = 1 → alert ∧ ¬slowdown ∧ ¬halt ∧ ¬turnoffUVC),True
11/11,operationalstate_2,(G ((OpState = 2) -> (((slowdown & (! halt)) & alert) & (! turnoffUVC)))),G (OpState = 2 → slowdown ∧ alert ∧ ¬halt ∧ ¬turnoffUVC),True
0/11,operationalstate_3,(G ((OpState = 3) -> ((((! slowdown) & halt) & alert) & turnoffUVC))),G((OpState=3) -> (halt ∧ turnoffUVC ∧ ¬slowdown ∧ ¬alert)),False
11/11,state_req000,(G ((classifier = 0) -> (OpState = 0))),G((classifier=0) -> (OpState=0)),True
10/11,state_req101,(G ((classifier = 1) -> (dgt_7 -> (OpState = 1)))),G((classifier=1 ∧ dgt_7) -> (OpState=1)),True
11/11,state_req102,(G ((classifier = 1) -> (((! dgt_7) & dgt_3) -> (OpState = 2)))),G((classifier=1 ∧ dgt_3 ∧ ¬dgt_7) -> (OpState=2)),True
11/11,state_req103,(G ((classifier = 1) -> ((! dgt_3) -> (OpState = 3)))),G((classifier=1 ∧ ¬dgt_3) -> (OpState=3)),True
10/11,state_req201,(G ((classifier = 2) -> (dgt_7 -> (OpState = 2)))),G((classifier=2 ∧ dgt_7) → OpState=2),True
10/11,state_req202,(G ((classifier = 2) -> (((! dgt_7) & dgt_3) -> (OpState = 3)))),G((classifier=2 ∧ dgt_3 ∧ ¬dgt_7) → OpState=3),True
10/11,state_req203,(G ((classifier = 2) -> ((! dgt_3) -> (OpState = 3)))),G((classifier=2 ∧ ¬dgt_3) → OpState=3),True
11/12,classifier_assumption,(G (((classifier = 0) xor (classifier = 1)) xor (classifier = 2))),G(classifier = 0 ∨ classifier = 1 ∨ classifier = 2),True
5/12,dtt assumption,(G ((! (classifier = 0)) -> (distance_to_target >= 0))),G(((classifier = 1 ∨ classifier = 2) → distance_to_target ≥ 0)),True
12/12,operationalstate_0,(G ((OpState = 0) -> ((((! slowdown) & (! halt)) & (! alert)) & (! turnoffUVC)))),G((OpState = 0) → (¬slowdown ∧ ¬halt ∧ ¬alert ∧ ¬turnoffUVC)),True
12/12,operationalstate_1,(G ((OpState = 1) -> ((((! slowdown) & (! halt)) & alert) & (! turnoffUVC)))),G((OpState = 1) → (alert ∧ ¬slowdown ∧ ¬halt ∧ ¬turnoffUVC)),True
12/12,operationalstate_2,(G ((OpState = 2) -> (((slowdown & (! halt)) & alert) & (! turnoffUVC)))),G((OpState = 2) → (slowdown ∧ alert ∧ ¬halt ∧ ¬turnoffUVC)),True
0/12,operationalstate_3,(G ((OpState = 3) -> ((((! slowdown) & halt) & alert) & turnoffUVC))),G((OpState = 3) → (halt ∧ turnoffUVC ∧ ¬slowdown ∧ ¬alert)),False
12/12,state_req000,(G ((classifier = 0) -> (OpState = 0))),G((classifier = 0) → (OpState = 0)),True
11/12,state_req101,(G ((classifier = 1) -> (dgt_7 -> (OpState = 1)))),G(((classifier = 1) ∧ dgt_7) → (OpState = 1)),True
12/12,state_req102,(G ((classifier = 1) -> (((! dgt_7) & dgt_3) -> (OpState = 2)))),G(((classifier = 1) ∧ ¬dgt_7 ∧ dgt_3) → (OpState = 2)),True
12/12,state_req103,(G ((classifier = 1) -> ((! dgt_3) -> (OpState = 3)))),G(((classifier = 1) ∧ ¬dgt_3) → (OpState = 3)),True
11/12,state_req201,(G ((classifier = 2) -> (dgt_7 -> (OpState = 2)))),((classifier=2) ∧ dgt_7) → (OpState=2),False
11/12,state_req202,(G ((classifier = 2) -> (((! dgt_7) & dgt_3) -> (OpState = 3)))),((classifier=2) ∧ ¬dgt_7 ∧ dgt_3) → (OpState=3),False
11/12,state_req203,(G ((classifier = 2) -> ((! dgt_3) -> (OpState = 3)))),((classifier=2) ∧ ¬dgt_3) → (OpState=3),False
12/13,classifier_assumption,(G (((classifier = 0) xor (classifier = 1)) xor (classifier = 2))),G (classifier=0 ∨ classifier=1 ∨ classifier=2),True
5/13,dtt assumption,(G ((! (classifier = 0)) -> (distance_to_target >= 0))),G ((classifier≠0) → (distance_to_target ≥ 0)),True
13/13,operationalstate_0,(G ((OpState = 0) -> ((((! slowdown) & (! halt)) & (! alert)) & (! turnoffUVC)))),G ((OpState=0) → (¬slowdown ∧ ¬halt ∧ ¬alert ∧ ¬turnoffUVC)),True
13/13,operationalstate_1,(G ((OpState = 1) -> ((((! slowdown) & (! halt)) & alert) & (! turnoffUVC)))),G ((OpState=1) → (alert ∧ ¬slowdown ∧ ¬halt ∧ ¬turnoffUVC)),True
13/13,operationalstate_2,(G ((OpState = 2) -> (((slowdown & (! halt)) & alert) & (! turnoffUVC)))),G ((OpState=2) → (slowdown ∧ alert ∧ ¬halt ∧ ¬turnoffUVC)),True
0/13,operationalstate_3,(G ((OpState = 3) -> ((((! slowdown) & halt) & alert) & turnoffUVC))),G((OpState = 3) → (halt ∧ turnoffUVC ∧ ¬slowdown ∧ ¬alert)),False
13/13,state_req000,(G ((classifier = 0) -> (OpState = 0))),G((classifier = 0) → (OpState = 0)),True
12/13,state_req101,(G ((classifier = 1) -> (dgt_7 -> (OpState = 1)))),G(((classifier = 1) ∧ dgt_7) → (OpState = 1)),True
13/13,state_req102,(G ((classifier = 1) -> (((! dgt_7) & dgt_3) -> (OpState = 2)))),G(((classifier = 1) ∧ ¬dgt_7 ∧ dgt_3) → (OpState = 2)),True
13/13,state_req103,(G ((classifier = 1) -> ((! dgt_3) -> (OpState = 3)))),G(((classifier = 1) ∧ ¬dgt_3) → (OpState = 3)),True
12/13,state_req201,(G ((classifier = 2) -> (dgt_7 -> (OpState = 2)))),G((classifier = 2 ∧ dgt_7) → OpState = 2),True
12/13,state_req202,(G ((classifier = 2) -> (((! dgt_7) & dgt_3) -> (OpState = 3)))),G((classifier = 2 ∧ ¬dgt_7 ∧ dgt_3) → OpState = 3),True
12/13,state_req203,(G ((classifier = 2) -> ((! dgt_3) -> (OpState = 3)))),G((classifier = 2 ∧ ¬dgt_3) → OpState = 3),True
13/14,classifier_assumption,(G (((classifier = 0) xor (classifier = 1)) xor (classifier = 2))),G( (classifier = 0 ∨ classifier = 1 ∨ classifier = 2) ),True
5/14,dtt assumption,(G ((! (classifier = 0)) -> (distance_to_target >= 0))),G( (classifier ≠ 0) → distance_to_target ≥ 0 ),True
14/14,operationalstate_0,(G ((OpState = 0) -> ((((! slowdown) & (! halt)) & (! alert)) & (! turnoffUVC)))),G( (OpState = 0) → (¬slowdown ∧ ¬halt ∧ ¬alert ∧ ¬turnoffUVC) ),True
14/14,operationalstate_1,(G ((OpState = 1) -> ((((! slowdown) & (! halt)) & alert) & (! turnoffUVC)))),G( (OpState = 1) → (alert ∧ ¬slowdown ∧ ¬halt ∧ ¬turnoffUVC) ),True
14/14,operationalstate_2,(G ((OpState = 2) -> (((slowdown & (! halt)) & alert) & (! turnoffUVC)))),G( (OpState = 2) → (slowdown ∧ alert ∧ ¬halt ∧ ¬turnoffUVC) ),True
0/14,operationalstate_3,(G ((OpState = 3) -> ((((! slowdown) & halt) & alert) & turnoffUVC))),G((OpState=3) → (halt ∧ turnoffUVC ∧ ¬slowdown ∧ ¬alert)),False
14/14,state_req000,(G ((classifier = 0) -> (OpState = 0))),G((classifier=0) → (OpState=0)),True
13/14,state_req101,(G ((classifier = 1) -> (dgt_7 -> (OpState = 1)))),G(((classifier=1) ∧ dgt_7) → (OpState=1)),True
14/14,state_req102,(G ((classifier = 1) -> (((! dgt_7) & dgt_3) -> (OpState = 2)))),G(((classifier=1) ∧ ¬dgt_7 ∧ dgt_3) → (OpState=2)),True
14/14,state_req103,(G ((classifier = 1) -> ((! dgt_3) -> (OpState = 3)))),G(((classifier=1) ∧ ¬dgt_3) → (OpState=3)),True
13/14,state_req201,(G ((classifier = 2) -> (dgt_7 -> (OpState = 2)))),G((classifier = 2 ∧ dgt_7) → OpState = 2),True
13/14,state_req202,(G ((classifier = 2) -> (((! dgt_7) & dgt_3) -> (OpState = 3)))),G((classifier = 2 ∧ dgt_3 ∧ ¬dgt_7) → OpState = 3),True
13/14,state_req203,(G ((classifier = 2) -> ((! dgt_3) -> (OpState = 3)))),G((classifier = 2 ∧ ¬dgt_3) → OpState = 3),True
14/15,classifier_assumption,(G (((classifier = 0) xor (classifier = 1)) xor (classifier = 2))),G((classifier = 0) ∨ (classifier = 1) ∨ (classifier = 2)),True
6/15,dtt assumption,(G ((! (classifier = 0)) -> (distance_to_target >= 0))),G(((classifier = 1) ∨ (classifier = 2)) → (distance_to_target ≥ 0)),True
15/15,operationalstate_0,(G ((OpState = 0) -> ((((! slowdown) & (! halt)) & (! alert)) & (! turnoffUVC)))),G((OpState = 0) → (¬slowdown ∧ ¬halt ∧ ¬alert ∧ ¬turnoffUVC)),True
15/15,operationalstate_1,(G ((OpState = 1) -> ((((! slowdown) & (! halt)) & alert) & (! turnoffUVC)))),G((OpState = 1) → (alert ∧ ¬slowdown ∧ ¬halt ∧ ¬turnoffUVC)),True
15/15,operationalstate_2,(G ((OpState = 2) -> (((slowdown & (! halt)) & alert) & (! turnoffUVC)))),G((OpState = 2) → (slowdown ∧ alert ∧ ¬halt ∧ ¬turnoffUVC)),True
0/15,operationalstate_3,(G ((OpState = 3) -> ((((! slowdown) & halt) & alert) & turnoffUVC))),G((OpState = 3) -> (halt ∧ turnoffUVC ∧ ¬slowdown ∧ ¬alert)),False
15/15,state_req000,(G ((classifier = 0) -> (OpState = 0))),G((classifier = 0) -> (OpState = 0)),True
14/15,state_req101,(G ((classifier = 1) -> (dgt_7 -> (OpState = 1)))),G(((classifier = 1) ∧ dgt_7) -> (OpState = 1)),True
15/15,state_req102,(G ((classifier = 1) -> (((! dgt_7) & dgt_3) -> (OpState = 2)))),G(((classifier = 1) ∧ ¬dgt_7 ∧ dgt_3) -> (OpState = 2)),True
15/15,state_req103,(G ((classifier = 1) -> ((! dgt_3) -> (OpState = 3)))),G(((classifier = 1) ∧ ¬dgt_3) -> (OpState = 3)),True
14/15,state_req201,(G ((classifier = 2) -> (dgt_7 -> (OpState = 2)))),G((classifier = 2 ∧ dgt_7) → (OpState = 2)),True
14/15,state_req202,(G ((classifier = 2) -> (((! dgt_7) & dgt_3) -> (OpState = 3)))),G((classifier = 2 ∧ dgt_3 ∧ ¬dgt_7) → (OpState = 3)),True
14/15,state_req203,(G ((classifier = 2) -> ((! dgt_3) -> (OpState = 3)))),G((classifier = 2 ∧ ¬dgt_3) → (OpState = 3)),True
15/16,classifier_assumption,(G (((classifier = 0) xor (classifier = 1)) xor (classifier = 2))),G (classifier = 0 ∨ classifier = 1 ∨ classifier = 2),True
6/16,dtt assumption,(G ((! (classifier = 0)) -> (distance_to_target >= 0))),G ((classifier ≠ 0) → (distance_to_target ≥ 0)),True
16/16,operationalstate_0,(G ((OpState = 0) -> ((((! slowdown) & (! halt)) & (! alert)) & (! turnoffUVC)))),G ((OpState = 0) → (¬slowdown ∧ ¬halt ∧ ¬alert ∧ ¬turnoffUVC)),True
16/16,operationalstate_1,(G ((OpState = 1) -> ((((! slowdown) & (! halt)) & alert) & (! turnoffUVC)))),G ((OpState = 1) → (alert ∧ ¬slowdown ∧ ¬halt ∧ ¬turnoffUVC)),True
16/16,operationalstate_2,(G ((OpState = 2) -> (((slowdown & (! halt)) & alert) & (! turnoffUVC)))),G ((OpState = 2) → ((slowdown ∧ alert) ∧ ¬halt ∧ ¬turnoffUVC)),True
0/16,operationalstate_3,(G ((OpState = 3) -> ((((! slowdown) & halt) & alert) & turnoffUVC))),G((OpState = 3) → (halt ∧ turnoffUVC ∧ ¬slowdown ∧ ¬alert)),False
16/16,state_req000,(G ((classifier = 0) -> (OpState = 0))),G((classifier = 0) → (OpState = 0)),True
15/16,state_req101,(G ((classifier = 1) -> (dgt_7 -> (OpState = 1)))),G((classifier = 1 ∧ dgt_7) → (OpState = 1)),True
16/16,state_req102,(G ((classifier = 1) -> (((! dgt_7) & dgt_3) -> (OpState = 2)))),G((classifier = 1 ∧ ¬dgt_7 ∧ dgt_3) → (OpState = 2)),True
16/16,state_req103,(G ((classifier = 1) -> ((! dgt_3) -> (OpState = 3)))),G((classifier = 1 ∧ ¬dgt_3) → (OpState = 3)),True
15/16,state_req201,(G ((classifier = 2) -> (dgt_7 -> (OpState = 2)))),G((classifier = 2 ∧ dgt_7) → (OpState = 2)),True
15/16,state_req202,(G ((classifier = 2) -> (((! dgt_7) & dgt_3) -> (OpState = 3)))),G((classifier = 2 ∧ ¬dgt_7 ∧ dgt_3) → (OpState = 3)),True
15/16,state_req203,(G ((classifier = 2) -> ((! dgt_3) -> (OpState = 3)))),G((classifier = 2 ∧ ¬dgt_3) → (OpState = 3)),True
16/17,classifier_assumption,(G (((classifier = 0) xor (classifier = 1)) xor (classifier = 2))),G (classifier = 0 ∨ classifier = 1 ∨ classifier = 2),True
6/17,dtt assumption,(G ((! (classifier = 0)) -> (distance_to_target >= 0))),G ((classifier ≠ 0) → (distance_to_target ≥ 0)),True
17/17,operationalstate_0,(G ((OpState = 0) -> ((((! slowdown) & (! halt)) & (! alert)) & (! turnoffUVC)))),G ((OpState = 0) → (¬slowdown ∧ ¬halt ∧ ¬alert ∧ ¬turnoffUVC)),True
17/17,operationalstate_1,(G ((OpState = 1) -> ((((! slowdown) & (! halt)) & alert) & (! turnoffUVC)))),G ((OpState = 1) → (alert ∧ ¬slowdown ∧ ¬halt ∧ ¬turnoffUVC)),True
17/17,operationalstate_2,(G ((OpState = 2) -> (((slowdown & (! halt)) & alert) & (! turnoffUVC)))),G ((OpState = 2) → (slowdown ∧ alert ∧ ¬halt ∧ ¬turnoffUVC)),True
0/17,operationalstate_3,(G ((OpState = 3) -> ((((! slowdown) & halt) & alert) & turnoffUVC))),G((OpState = 3) → (halt ∧ turnoffUVC ∧ ¬slowdown ∧ ¬alert)),False
17/17,state_req000,(G ((classifier = 0) -> (OpState = 0))),G((classifier = 0) → (OpState = 0)),True
16/17,state_req101,(G ((classifier = 1) -> (dgt_7 -> (OpState = 1)))),G((classifier = 1 ∧ dgt_7) → (OpState = 1)),True
17/17,state_req102,(G ((classifier = 1) -> (((! dgt_7) & dgt_3) -> (OpState = 2)))),G((classifier = 1 ∧ ¬dgt_7 ∧ dgt_3) → (OpState = 2)),True
17/17,state_req103,(G ((classifier = 1) -> ((! dgt_3) -> (OpState = 3)))),G((classifier = 1 ∧ ¬dgt_3) → (OpState = 3)),True
16/17,state_req201,(G ((classifier = 2) -> (dgt_7 -> (OpState = 2)))),G((classifier = 2 ∧ dgt_7) → OpState = 2),True
16/17,state_req202,(G ((classifier = 2) -> (((! dgt_7) & dgt_3) -> (OpState = 3)))),G((classifier = 2 ∧ dgt_3 ∧ ¬dgt_7) → OpState = 3),True
16/17,state_req203,(G ((classifier = 2) -> ((! dgt_3) -> (OpState = 3)))),G((classifier = 2 ∧ ¬dgt_3) → OpState = 3),True
17/18,classifier_assumption,(G (((classifier = 0) xor (classifier = 1)) xor (classifier = 2))),G((classifier=0 ∨ classifier=1 ∨ classifier=2)),True
7/18,dtt assumption,(G ((! (classifier = 0)) -> (distance_to_target >= 0))),G(((classifier=1 ∨ classifier=2) → (distance_to_target ≥ 0))),True
18/18,operationalstate_0,(G ((OpState = 0) -> ((((! slowdown) & (! halt)) & (! alert)) & (! turnoffUVC)))),G((OpState=0 → (¬slowdown ∧ ¬halt ∧ ¬alert ∧ ¬turnoffUVC))),True
18/18,operationalstate_1,(G ((OpState = 1) -> ((((! slowdown) & (! halt)) & alert) & (! turnoffUVC)))),G((OpState=1 → (alert ∧ ¬slowdown ∧ ¬halt ∧ ¬turnoffUVC))),True
18/18,operationalstate_2,(G ((OpState = 2) -> (((slowdown & (! halt)) & alert) & (! turnoffUVC)))),G((OpState=2 → (slowdown ∧ alert ∧ ¬halt ∧ ¬turnoffUVC))),True
0/18,operationalstate_3,(G ((OpState = 3) -> ((((! slowdown) & halt) & alert) & turnoffUVC))),G((OpState = 3) → (halt ∧ turnoffUVC ∧ ¬slowdown ∧ ¬alert)),False
18/18,state_req000,(G ((classifier = 0) -> (OpState = 0))),G((classifier = 0) → (OpState = 0)),True
17/18,state_req101,(G ((classifier = 1) -> (dgt_7 -> (OpState = 1)))),G(((classifier = 1) ∧ dgt_7) → (OpState = 1)),True
18/18,state_req102,(G ((classifier = 1) -> (((! dgt_7) & dgt_3) -> (OpState = 2)))),G(((classifier = 1) ∧ ¬dgt_7 ∧ dgt_3) → (OpState = 2)),True
18/18,state_req103,(G ((classifier = 1) -> ((! dgt_3) -> (OpState = 3)))),G(((classifier = 1) ∧ ¬dgt_3) → (OpState = 3)),True
17/18,state_req201,(G ((classifier = 2) -> (dgt_7 -> (OpState = 2)))),G( (classifier = 2 ∧ dgt_7) → (OpState = 2) ),True
17/18,state_req202,(G ((classifier = 2) -> (((! dgt_7) & dgt_3) -> (OpState = 3)))),G( (classifier = 2 ∧ dgt_3 ∧ ¬dgt_7) → (OpState = 3) ),True
17/18,state_req203,(G ((classifier = 2) -> ((! dgt_3) -> (OpState = 3)))),G( (classifier = 2 ∧ ¬dgt_3) → (OpState = 3) ),True
18/19,classifier_assumption,(G (((classifier = 0) xor (classifier = 1)) xor (classifier = 2))),G (classifier = 0 ∨ classifier = 1 ∨ classifier = 2),True
7/19,dtt assumption,(G ((! (classifier = 0)) -> (distance_to_target >= 0))),G ((classifier ≠ 0) → (distance_to_target ≥ 0)),True
19/19,operationalstate_0,(G ((OpState = 0) -> ((((! slowdown) & (! halt)) & (! alert)) & (! turnoffUVC)))),G ((OpState = 0) → (¬slowdown ∧ ¬halt ∧ ¬alert ∧ ¬turnoffUVC)),True
19/19,operationalstate_1,(G ((OpState = 1) -> ((((! slowdown) & (! halt)) & alert) & (! turnoffUVC)))),G ((OpState = 1) → (alert ∧ ¬slowdown ∧ ¬halt ∧ ¬turnoffUVC)),True
19/19,operationalstate_2,(G ((OpState = 2) -> (((slowdown & (! halt)) & alert) & (! turnoffUVC)))),G ((OpState = 2) → (slowdown ∧ alert ∧ ¬halt ∧ ¬turnoffUVC)),True
0/19,operationalstate_3,(G ((OpState = 3) -> ((((! slowdown) & halt) & alert) & turnoffUVC))),G( (OpState = 3) → (halt ∧ turnoffUVC ∧ ¬slowdown ∧ ¬alert) ),False
19/19,state_req000,(G ((classifier = 0) -> (OpState = 0))),G( (classifier = 0) → (OpState = 0) ),True
18/19,state_req101,(G ((classifier = 1) -> (dgt_7 -> (OpState = 1)))),G( (classifier = 1 ∧ dgt_7) → (OpState = 1) ),True
19/19,state_req102,(G ((classifier = 1) -> (((! dgt_7) & dgt_3) -> (OpState = 2)))),G( (classifier = 1 ∧ ¬dgt_7 ∧ dgt_3) → (OpState = 2) ),True
19/19,state_req103,(G ((classifier = 1) -> ((! dgt_3) -> (OpState = 3)))),G( (classifier = 1 ∧ ¬dgt_3) → (OpState = 3) ),True
18/19,state_req201,(G ((classifier = 2) -> (dgt_7 -> (OpState = 2)))),G((classifier=2 & dgt_7) → OpState=2),True
18/19,state_req202,(G ((classifier = 2) -> (((! dgt_7) & dgt_3) -> (OpState = 3)))),G((classifier=2 & dgt_3 & ¬dgt_7) → OpState=3),True
18/19,state_req203,(G ((classifier = 2) -> ((! dgt_3) -> (OpState = 3)))),G((classifier=2 & ¬dgt_3) → OpState=3),True
19/20,classifier_assumption,(G (((classifier = 0) xor (classifier = 1)) xor (classifier = 2))),G (classifier = 0 ∨ classifier = 1 ∨ classifier = 2),True
7/20,dtt assumption,(G ((! (classifier = 0)) -> (distance_to_target >= 0))),G ((classifier ≠ 0) → (distance_to_target ≥ 0)),True
20/20,operationalstate_0,(G ((OpState = 0) -> ((((! slowdown) & (! halt)) & (! alert)) & (! turnoffUVC)))),G ((OpState = 0) → (¬slowdown ∧ ¬halt ∧ ¬alert ∧ ¬turnoffUVC)),True
20/20,operationalstate_1,(G ((OpState = 1) -> ((((! slowdown) & (! halt)) & alert) & (! turnoffUVC)))),G ((OpState = 1) → (alert ∧ ¬slowdown ∧ ¬halt ∧ ¬turnoffUVC)),True
20/20,operationalstate_2,(G ((OpState = 2) -> (((slowdown & (! halt)) & alert) & (! turnoffUVC)))),G ((OpState = 2) → (slowdown ∧ alert ∧ ¬halt ∧ ¬turnoffUVC)),True
0/20,operationalstate_3,(G ((OpState = 3) -> ((((! slowdown) & halt) & alert) & turnoffUVC))),G(OpState = 3 → (halt ∧ turnoffUVC ∧ ¬slowdown ∧ ¬alert)),False
20/20,state_req000,(G ((classifier = 0) -> (OpState = 0))),G(classifier = 0 → OpState = 0),True
19/20,state_req101,(G ((classifier = 1) -> (dgt_7 -> (OpState = 1)))),G((classifier = 1 ∧ dgt_7) → OpState = 1),True
20/20,state_req102,(G ((classifier = 1) -> (((! dgt_7) & dgt_3) -> (OpState = 2)))),G((classifier = 1 ∧ ¬dgt_7 ∧ dgt_3) → OpState = 2),True
20/20,state_req103,(G ((classifier = 1) -> ((! dgt_3) -> (OpState = 3)))),G((classifier = 1 ∧ ¬dgt_3) → OpState = 3),True
18/20,state_req201,(G ((classifier = 2) -> (dgt_7 -> (OpState = 2)))),((classifier = 2 ∧ dgt_7) → OpState = 2) S false,
18/20,state_req202,(G ((classifier = 2) -> (((! dgt_7) & dgt_3) -> (OpState = 3)))),((classifier = 2 ∧ dgt_3 ∧ ¬dgt_7) → OpState = 3) S false,
18/20,state_req203,(G ((classifier = 2) -> ((! dgt_3) -> (OpState = 3)))),((classifier = 2 ∧ ¬dgt_3) → OpState = 3) S false,
20/21,classifier_assumption,(G (((classifier = 0) xor (classifier = 1)) xor (classifier = 2))),G (classifier = 0 ∨ classifier = 1 ∨ classifier = 2),True
7/21,dtt assumption,(G ((! (classifier = 0)) -> (distance_to_target >= 0))),G ((classifier ≠ 0) → (distance_to_target ≥ 0)),True
21/21,operationalstate_0,(G ((OpState = 0) -> ((((! slowdown) & (! halt)) & (! alert)) & (! turnoffUVC)))),G ((OpState = 0) → (¬slowdown ∧ ¬halt ∧ ¬alert ∧ ¬turnoffUVC)),True
21/21,operationalstate_1,(G ((OpState = 1) -> ((((! slowdown) & (! halt)) & alert) & (! turnoffUVC)))),G ((OpState = 1) → (alert ∧ ¬slowdown ∧ ¬halt ∧ ¬turnoffUVC)),True
21/21,operationalstate_2,(G ((OpState = 2) -> (((slowdown & (! halt)) & alert) & (! turnoffUVC)))),G ((OpState = 2) → (slowdown ∧ alert ∧ ¬halt ∧ ¬turnoffUVC)),True
0/21,operationalstate_3,(G ((OpState = 3) -> ((((! slowdown) & halt) & alert) & turnoffUVC))),G(OpState = 3 → (halt ∧ turnoffUVC ∧ ¬slowdown ∧ ¬alert)),False
21/21,state_req000,(G ((classifier = 0) -> (OpState = 0))),G(classifier = 0 → OpState = 0),True
20/21,state_req101,(G ((classifier = 1) -> (dgt_7 -> (OpState = 1)))),G((classifier = 1 ∧ dgt_7) → OpState = 1),True
21/21,state_req102,(G ((classifier = 1) -> (((! dgt_7) & dgt_3) -> (OpState = 2)))),G((classifier = 1 ∧ ¬dgt_7 ∧ dgt_3) → OpState = 2),True
21/21,state_req103,(G ((classifier = 1) -> ((! dgt_3) -> (OpState = 3)))),G((classifier = 1 ∧ ¬dgt_3) → OpState = 3),True
19/21,state_req201,(G ((classifier = 2) -> (dgt_7 -> (OpState = 2)))),G((classifier=2 ∧ dgt_7) → (OpState=2)),True
19/21,state_req202,(G ((classifier = 2) -> (((! dgt_7) & dgt_3) -> (OpState = 3)))),G((classifier=2 ∧ dgt_3 ∧ ¬dgt_7) → (OpState=3)),True
19/21,state_req203,(G ((classifier = 2) -> ((! dgt_3) -> (OpState = 3)))),G((classifier=2 ∧ ¬dgt_3) → (OpState=3)),True
20/22,classifier_assumption,(G (((classifier = 0) xor (classifier = 1)) xor (classifier = 2))),G( classifier=0 or classifier=1 or classifier=2 ),
8/22,dtt assumption,(G ((! (classifier = 0)) -> (distance_to_target >= 0))),G( (classifier!=0) -> (distance_to_target>=0) ),True
21/22,operationalstate_0,(G ((OpState = 0) -> ((((! slowdown) & (! halt)) & (! alert)) & (! turnoffUVC)))),G( (OpState=0) -> (¬slowdown and ¬halt and ¬alert and ¬turnoffUVC) ),
21/22,operationalstate_1,(G ((OpState = 1) -> ((((! slowdown) & (! halt)) & alert) & (! turnoffUVC)))),G( (OpState=1) -> ( alert and ¬slowdown and ¬halt and ¬turnoffUVC ) ),
21/22,operationalstate_2,(G ((OpState = 2) -> (((slowdown & (! halt)) & alert) & (! turnoffUVC)))),G( (OpState=2) -> ( slowdown and alert and ¬halt and ¬turnoffUVC ) ),
0/22,operationalstate_3,(G ((OpState = 3) -> ((((! slowdown) & halt) & alert) & turnoffUVC))),G (OpState = 3 → (halt ∧ turnoffUVC ∧ ¬slowdown ∧ ¬alert)),False
22/22,state_req000,(G ((classifier = 0) -> (OpState = 0))),G (classifier = 0 → OpState = 0),True
21/22,state_req101,(G ((classifier = 1) -> (dgt_7 -> (OpState = 1)))),G ((classifier = 1 ∧ dgt_7) → OpState = 1),True
22/22,state_req102,(G ((classifier = 1) -> (((! dgt_7) & dgt_3) -> (OpState = 2)))),G ((classifier = 1 ∧ ¬dgt_7 ∧ dgt_3) → OpState = 2),True
22/22,state_req103,(G ((classifier = 1) -> ((! dgt_3) -> (OpState = 3)))),G ((classifier = 1 ∧ ¬dgt_3) → OpState = 3),True
20/22,state_req201,(G ((classifier = 2) -> (dgt_7 -> (OpState = 2)))),G((classifier=2 ∧ dgt_7) → OpState=2),True
20/22,state_req202,(G ((classifier = 2) -> (((! dgt_7) & dgt_3) -> (OpState = 3)))),G((classifier=2 ∧ dgt_3 ∧ ¬dgt_7) → OpState=3),True
20/22,state_req203,(G ((classifier = 2) -> ((! dgt_3) -> (OpState = 3)))),G((classifier=2 ∧ ¬dgt_3) → OpState=3),True
21/23,classifier_assumption,(G (((classifier = 0) xor (classifier = 1)) xor (classifier = 2))),G(classifier = 0 ∨ classifier = 1 ∨ classifier = 2),True
8/23,dtt assumption,(G ((! (classifier = 0)) -> (distance_to_target >= 0))),G((classifier ≠ 0) → (distance_to_target ≥ 0)),True
22/23,operationalstate_0,(G ((OpState = 0) -> ((((! slowdown) & (! halt)) & (! alert)) & (! turnoffUVC)))),G((OpState = 0) → (¬slowdown ∧ ¬halt ∧ ¬alert ∧ ¬turnoffUVC)),True
22/23,operationalstate_1,(G ((OpState = 1) -> ((((! slowdown) & (! halt)) & alert) & (! turnoffUVC)))),G((OpState = 1) → (alert ∧ ¬slowdown ∧ ¬halt ∧ ¬turnoffUVC)),True
22/23,operationalstate_2,(G ((OpState = 2) -> (((slowdown & (! halt)) & alert) & (! turnoffUVC)))),G((OpState = 2) → (slowdown ∧ alert ∧ ¬halt ∧ ¬turnoffUVC)),True
0/23,operationalstate_3,(G ((OpState = 3) -> ((((! slowdown) & halt) & alert) & turnoffUVC))),G((OpState = 3) → (halt ∧ turnoffUVC ∧ ¬slowdown ∧ ¬alert)),False
23/23,state_req000,(G ((classifier = 0) -> (OpState = 0))),G((classifier = 0) → (OpState = 0)),True
22/23,state_req101,(G ((classifier = 1) -> (dgt_7 -> (OpState = 1)))),G(((classifier = 1) ∧ dgt_7) → (OpState = 1)),True
23/23,state_req102,(G ((classifier = 1) -> (((! dgt_7) & dgt_3) -> (OpState = 2)))),G(((classifier = 1) ∧ ¬dgt_7 ∧ dgt_3) → (OpState = 2)),True
23/23,state_req103,(G ((classifier = 1) -> ((! dgt_3) -> (OpState = 3)))),G(((classifier = 1) ∧ ¬dgt_3) → (OpState = 3)),True
21/23,state_req201,(G ((classifier = 2) -> (dgt_7 -> (OpState = 2)))),G((classifier = 2 ∧ dgt_7) → (OpState = 2)),True
21/23,state_req202,(G ((classifier = 2) -> (((! dgt_7) & dgt_3) -> (OpState = 3)))),G((classifier = 2 ∧ ¬dgt_7 ∧ dgt_3) → (OpState = 3)),True
21/23,state_req203,(G ((classifier = 2) -> ((! dgt_3) -> (OpState = 3)))),G((classifier = 2 ∧ ¬dgt_3) → (OpState = 3)),True
22/24,classifier_assumption,(G (((classifier = 0) xor (classifier = 1)) xor (classifier = 2))),G((classifier=0 ∨ classifier=1 ∨ classifier=2)),True
9/24,dtt assumption,(G ((! (classifier = 0)) -> (distance_to_target >= 0))),G(((classifier=1 ∨ classifier=2) → distance_to_target≥0)),True
23/24,operationalstate_0,(G ((OpState = 0) -> ((((! slowdown) & (! halt)) & (! alert)) & (! turnoffUVC)))),G((OpState=0 → (¬slowdown ∧ ¬halt ∧ ¬alert ∧ ¬turnoffUVC))),True
23/24,operationalstate_1,(G ((OpState = 1) -> ((((! slowdown) & (! halt)) & alert) & (! turnoffUVC)))),G((OpState=1 → (alert ∧ ¬slowdown ∧ ¬halt ∧ ¬turnoffUVC))),True
23/24,operationalstate_2,(G ((OpState = 2) -> (((slowdown & (! halt)) & alert) & (! turnoffUVC)))),G((OpState=2 → (slowdown ∧ alert ∧ ¬halt ∧ ¬turnoffUVC))),True
0/24,operationalstate_3,(G ((OpState = 3) -> ((((! slowdown) & halt) & alert) & turnoffUVC))),G((OpState = 3) → (halt ∧ turnoffUVC ∧ ¬slowdown ∧ ¬alert)),False
24/24,state_req000,(G ((classifier = 0) -> (OpState = 0))),G((classifier = 0) → (OpState = 0)),True
23/24,state_req101,(G ((classifier = 1) -> (dgt_7 -> (OpState = 1)))),G((classifier = 1 ∧ dgt_7) → (OpState = 1)),True
24/24,state_req102,(G ((classifier = 1) -> (((! dgt_7) & dgt_3) -> (OpState = 2)))),G((classifier = 1 ∧ dgt_3 ∧ ¬dgt_7) → (OpState = 2)),True
24/24,state_req103,(G ((classifier = 1) -> ((! dgt_3) -> (OpState = 3)))),G((classifier = 1 ∧ ¬dgt_3) → (OpState = 3)),True
22/24,state_req201,(G ((classifier = 2) -> (dgt_7 -> (OpState = 2)))),((classifier = 2) ∧ dgt_7) → G(OpState = 2),False
22/24,state_req202,(G ((classifier = 2) -> (((! dgt_7) & dgt_3) -> (OpState = 3)))),((classifier = 2) ∧ ¬dgt_7 ∧ dgt_3) → G(OpState = 3),False
22/24,state_req203,(G ((classifier = 2) -> ((! dgt_3) -> (OpState = 3)))),((classifier = 2) ∧ ¬dgt_3) → G(OpState = 3),False
22/25,classifier_assumption,(G (((classifier = 0) xor (classifier = 1)) xor (classifier = 2))),G(classifier = 0 or classifier = 1 or classifier = 2),
9/25,dtt assumption,(G ((! (classifier = 0)) -> (distance_to_target >= 0))),G(((classifier = 1 or classifier = 2) → distance_to_target ≥ 0)),
24/25,operationalstate_0,(G ((OpState = 0) -> ((((! slowdown) & (! halt)) & (! alert)) & (! turnoffUVC)))),G((OpState = 0) → (¬slowdown ∧ ¬halt ∧ ¬alert ∧ ¬turnoffUVC)),True
24/25,operationalstate_1,(G ((OpState = 1) -> ((((! slowdown) & (! halt)) & alert) & (! turnoffUVC)))),G((OpState = 1) → (alert ∧ ¬slowdown ∧ ¬halt ∧ ¬turnoffUVC)),True
24/25,operationalstate_2,(G ((OpState = 2) -> (((slowdown & (! halt)) & alert) & (! turnoffUVC)))),G((OpState = 2) → (alert ∧ slowdown ∧ ¬halt ∧ ¬turnoffUVC)),True
0/25,operationalstate_3,(G ((OpState = 3) -> ((((! slowdown) & halt) & alert) & turnoffUVC))),G((OpState = 3) -> (halt ∧ turnoffUVC ∧ ¬slowdown ∧ ¬alert)),False
25/25,state_req000,(G ((classifier = 0) -> (OpState = 0))),G((classifier = 0) -> (OpState = 0)),True
24/25,state_req101,(G ((classifier = 1) -> (dgt_7 -> (OpState = 1)))),G(((classifier = 1) ∧ dgt_7) -> (OpState = 1)),True
25/25,state_req102,(G ((classifier = 1) -> (((! dgt_7) & dgt_3) -> (OpState = 2)))),G(((classifier = 1) ∧ dgt_3 ∧ ¬dgt_7) -> (OpState = 2)),True
25/25,state_req103,(G ((classifier = 1) -> ((! dgt_3) -> (OpState = 3)))),G(((classifier = 1) ∧ ¬dgt_3) -> (OpState = 3)),True
23/25,state_req201,(G ((classifier = 2) -> (dgt_7 -> (OpState = 2)))),G((classifier=2 ∧ dgt_7) → OpState=2),True
23/25,state_req202,(G ((classifier = 2) -> (((! dgt_7) & dgt_3) -> (OpState = 3)))),G((classifier=2 ∧ ¬dgt_7 ∧ dgt_3) → OpState=3),True
23/25,state_req203,(G ((classifier = 2) -> ((! dgt_3) -> (OpState = 3)))),G((classifier=2 ∧ ¬dgt_3) → OpState=3),True
23/26,classifier_assumption,(G (((classifier = 0) xor (classifier = 1)) xor (classifier = 2))),G((classifier = 0 ∨ classifier = 1 ∨ classifier = 2)),True
10/26,dtt assumption,(G ((! (classifier = 0)) -> (distance_to_target >= 0))),G(((classifier = 1 ∨ classifier = 2) → (distance_to_target ≥ 0))),True
25/26,operationalstate_0,(G ((OpState = 0) -> ((((! slowdown) & (! halt)) & (! alert)) & (! turnoffUVC)))),G((OpState = 0 → (¬slowdown ∧ ¬halt ∧ ¬alert ∧ ¬turnoffUVC))),True
25/26,operationalstate_1,(G ((OpState = 1) -> ((((! slowdown) & (! halt)) & alert) & (! turnoffUVC)))),G((OpState = 1 → (alert ∧ ¬slowdown ∧ ¬halt ∧ ¬turnoffUVC))),True
25/26,operationalstate_2,(G ((OpState = 2) -> (((slowdown & (! halt)) & alert) & (! turnoffUVC)))),G((OpState = 2 → (slowdown ∧ alert ∧ ¬halt ∧ ¬turnoffUVC))),True
0/26,operationalstate_3,(G ((OpState = 3) -> ((((! slowdown) & halt) & alert) & turnoffUVC))),G((OpState = 3) → (halt ∧ turnoffUVC ∧ ¬slowdown ∧ ¬alert)),False
26/26,state_req000,(G ((classifier = 0) -> (OpState = 0))),G((classifier = 0) → (OpState = 0)),True
25/26,state_req101,(G ((classifier = 1) -> (dgt_7 -> (OpState = 1)))),G(((classifier = 1) ∧ dgt_7) → (OpState = 1)),True
26/26,state_req102,(G ((classifier = 1) -> (((! dgt_7) & dgt_3) -> (OpState = 2)))),G(((classifier = 1) ∧ ¬dgt_7 ∧ dgt_3) → (OpState = 2)),True
26/26,state_req103,(G ((classifier = 1) -> ((! dgt_3) -> (OpState = 3)))),G(((classifier = 1) ∧ ¬dgt_3) → (OpState = 3)),True
24/26,state_req201,(G ((classifier = 2) -> (dgt_7 -> (OpState = 2)))),G((classifier = 2 ∧ dgt_7) → OpState = 2),True
24/26,state_req202,(G ((classifier = 2) -> (((! dgt_7) & dgt_3) -> (OpState = 3)))),G((classifier = 2 ∧ dgt_3 ∧ ¬dgt_7) → OpState = 3),True
24/26,state_req203,(G ((classifier = 2) -> ((! dgt_3) -> (OpState = 3)))),G((classifier = 2 ∧ ¬dgt_3) → OpState = 3),True
24/27,classifier_assumption,(G (((classifier = 0) xor (classifier = 1)) xor (classifier = 2))),G(classifier = 0 ∨ classifier = 1 ∨ classifier = 2),True
10/27,dtt assumption,(G ((! (classifier = 0)) -> (distance_to_target >= 0))),G((classifier ≠ 0) → (distance_to_target ≥ 0)),True
26/27,operationalstate_0,(G ((OpState = 0) -> ((((! slowdown) & (! halt)) & (! alert)) & (! turnoffUVC)))),G((OpState = 0) → (¬slowdown ∧ ¬halt ∧ ¬alert ∧ ¬turnoffUVC)),True
26/27,operationalstate_1,(G ((OpState = 1) -> ((((! slowdown) & (! halt)) & alert) & (! turnoffUVC)))),G((OpState = 1) → (alert ∧ ¬slowdown ∧ ¬halt ∧ ¬turnoffUVC)),True
26/27,operationalstate_2,(G ((OpState = 2) -> (((slowdown & (! halt)) & alert) & (! turnoffUVC)))),G((OpState = 2) → (slowdown ∧ alert ∧ ¬halt ∧ ¬turnoffUVC)),True
0/27,operationalstate_3,(G ((OpState = 3) -> ((((! slowdown) & halt) & alert) & turnoffUVC))),G((OpState = 3) → (halt ∧ turnoffUVC ∧ ¬slowdown ∧ ¬alert)),False
27/27,state_req000,(G ((classifier = 0) -> (OpState = 0))),G((classifier = 0) → (OpState = 0)),True
26/27,state_req101,(G ((classifier = 1) -> (dgt_7 -> (OpState = 1)))),G((classifier = 1 ∧ dgt_7) → (OpState = 1)),True
27/27,state_req102,(G ((classifier = 1) -> (((! dgt_7) & dgt_3) -> (OpState = 2)))),G((classifier = 1 ∧ ¬dgt_7 ∧ dgt_3) → (OpState = 2)),True
27/27,state_req103,(G ((classifier = 1) -> ((! dgt_3) -> (OpState = 3)))),G((classifier = 1 ∧ ¬dgt_3) → (OpState = 3)),True
25/27,state_req201,(G ((classifier = 2) -> (dgt_7 -> (OpState = 2)))),G((classifier = 2 ∧ dgt_7) → (OpState = 2)),True
25/27,state_req202,(G ((classifier = 2) -> (((! dgt_7) & dgt_3) -> (OpState = 3)))),G((classifier = 2 ∧ ¬dgt_7 ∧ dgt_3) → (OpState = 3)),True
25/27,state_req203,(G ((classifier = 2) -> ((! dgt_3) -> (OpState = 3)))),G((classifier = 2 ∧ ¬dgt_3) → (OpState = 3)),True
25/28,classifier_assumption,(G (((classifier = 0) xor (classifier = 1)) xor (classifier = 2))),G (classifier = 0 ∨ classifier = 1 ∨ classifier = 2),True
11/28,dtt assumption,(G ((! (classifier = 0)) -> (distance_to_target >= 0))),G (((classifier = 1 ∨ classifier = 2) → distance_to_target ≥ 0)),True
27/28,operationalstate_0,(G ((OpState = 0) -> ((((! slowdown) & (! halt)) & (! alert)) & (! turnoffUVC)))),G ((OpState = 0) → (¬slowdown ∧ ¬halt ∧ ¬alert ∧ ¬turnoffUVC)),True
27/28,operationalstate_1,(G ((OpState = 1) -> ((((! slowdown) & (! halt)) & alert) & (! turnoffUVC)))),G ((OpState = 1) → (alert ∧ ¬slowdown ∧ ¬halt ∧ ¬turnoffUVC)),True
27/28,operationalstate_2,(G ((OpState = 2) -> (((slowdown & (! halt)) & alert) & (! turnoffUVC)))),G ((OpState = 2) → (slowdown ∧ alert ∧ ¬halt ∧ ¬turnoffUVC)),True
0/28,operationalstate_3,(G ((OpState = 3) -> ((((! slowdown) & halt) & alert) & turnoffUVC))),G((OpState = 3) → (halt ∧ turnoffUVC ∧ ¬slowdown ∧ ¬alert)),False
28/28,state_req000,(G ((classifier = 0) -> (OpState = 0))),G((classifier = 0) → (OpState = 0)),True
27/28,state_req101,(G ((classifier = 1) -> (dgt_7 -> (OpState = 1)))),G((classifier = 1 ∧ dgt_7) → (OpState = 1)),True
28/28,state_req102,(G ((classifier = 1) -> (((! dgt_7) & dgt_3) -> (OpState = 2)))),G((classifier = 1 ∧ dgt_3 ∧ ¬dgt_7) → (OpState = 2)),True
28/28,state_req103,(G ((classifier = 1) -> ((! dgt_3) -> (OpState = 3)))),G((classifier = 1 ∧ ¬dgt_3) → (OpState = 3)),True
26/28,state_req201,(G ((classifier = 2) -> (dgt_7 -> (OpState = 2)))),((classifier = 2) ∧ dgt_7) → G(OpState = 2),False
26/28,state_req202,(G ((classifier = 2) -> (((! dgt_7) & dgt_3) -> (OpState = 3)))),((classifier = 2) ∧ ¬dgt_7 ∧ dgt_3) → G(OpState = 3),False
26/28,state_req203,(G ((classifier = 2) -> ((! dgt_3) -> (OpState = 3)))),((classifier = 2) ∧ ¬dgt_3) → G(OpState = 3),False
26/29,classifier_assumption,(G (((classifier = 0) xor (classifier = 1)) xor (classifier = 2))),G (classifier = 0 ∨ classifier = 1 ∨ classifier = 2),True
12/29,dtt assumption,(G ((! (classifier = 0)) -> (distance_to_target >= 0))),G (((classifier = 1 ∨ classifier = 2)) → distance_to_target ≥ 0),True
28/29,operationalstate_0,(G ((OpState = 0) -> ((((! slowdown) & (! halt)) & (! alert)) & (! turnoffUVC)))),G ((OpState = 0) → (¬slowdown ∧ ¬halt ∧ ¬alert ∧ ¬turnoffUVC)),True
28/29,operationalstate_1,(G ((OpState = 1) -> ((((! slowdown) & (! halt)) & alert) & (! turnoffUVC)))),G ((OpState = 1) → (alert ∧ ¬slowdown ∧ ¬halt ∧ ¬turnoffUVC)),True
28/29,operationalstate_2,(G ((OpState = 2) -> (((slowdown & (! halt)) & alert) & (! turnoffUVC)))),G ((OpState = 2) → (slowdown ∧ alert ∧ ¬halt ∧ ¬turnoffUVC)),True
0/29,operationalstate_3,(G ((OpState = 3) -> ((((! slowdown) & halt) & alert) & turnoffUVC))),G((OpState = 3) → (halt ∧ turnoffUVC ∧ ¬slowdown ∧ ¬alert)),False
29/29,state_req000,(G ((classifier = 0) -> (OpState = 0))),G((classifier = 0) → (OpState = 0)),True
28/29,state_req101,(G ((classifier = 1) -> (dgt_7 -> (OpState = 1)))),G((classifier = 1 ∧ dgt_7) → (OpState = 1)),True
29/29,state_req102,(G ((classifier = 1) -> (((! dgt_7) & dgt_3) -> (OpState = 2)))),G((classifier = 1 ∧ dgt_3 ∧ ¬dgt_7) → (OpState = 2)),True
29/29,state_req103,(G ((classifier = 1) -> ((! dgt_3) -> (OpState = 3)))),G((classifier = 1 ∧ ¬dgt_3) → (OpState = 3)),True
27/29,state_req201,(G ((classifier = 2) -> (dgt_7 -> (OpState = 2)))),G((classifier = 2 ∧ dgt_7) → (OpState = 2)),True
27/29,state_req202,(G ((classifier = 2) -> (((! dgt_7) & dgt_3) -> (OpState = 3)))),G((classifier = 2 ∧ dgt_3 ∧ ¬dgt_7) → (OpState = 3)),True
27/29,state_req203,(G ((classifier = 2) -> ((! dgt_3) -> (OpState = 3)))),G((classifier = 2 ∧ ¬dgt_3) → (OpState = 3)),True
27/30,classifier_assumption,(G (((classifier = 0) xor (classifier = 1)) xor (classifier = 2))),G((classifier = 0 ⇒ ¬(classifier = 1 ∨ classifier = 2)) ∧ ((classifier = 1 ∨ classifier = 2) ⇒ ¬(classifier = 0))),
13/30,dtt assumption,(G ((! (classifier = 0)) -> (distance_to_target >= 0))),G(((classifier = 1 ∨ classifier = 2) ⇒ (distance_to_target ≥ 0))),
29/30,operationalstate_0,(G ((OpState = 0) -> ((((! slowdown) & (! halt)) & (! alert)) & (! turnoffUVC)))),G((OpState = 0) ⇒ (¬slowdown ∧ ¬halt ∧ ¬alert ∧ ¬turnoffUVC)),
29/30,operationalstate_1,(G ((OpState = 1) -> ((((! slowdown) & (! halt)) & alert) & (! turnoffUVC)))),G((OpState = 1) ⇒ (alert ∧ ¬slowdown ∧ ¬halt ∧ ¬turnoffUVC)),
29/30,operationalstate_2,(G ((OpState = 2) -> (((slowdown & (! halt)) & alert) & (! turnoffUVC)))),G((OpState = 2) ⇒ (slowdown ∧ alert ∧ ¬halt ∧ ¬turnoffUVC)),
0/30,operationalstate_3,(G ((OpState = 3) -> ((((! slowdown) & halt) & alert) & turnoffUVC))),G((OpState = 3) → (halt ∧ turnoffUVC ∧ ¬slowdown ∧ ¬alert)),False
30/30,state_req000,(G ((classifier = 0) -> (OpState = 0))),G((classifier = 0) → (OpState = 0)),True
29/30,state_req101,(G ((classifier = 1) -> (dgt_7 -> (OpState = 1)))),G(((classifier = 1) ∧ dgt_7) → (OpState = 1)),True
30/30,state_req102,(G ((classifier = 1) -> (((! dgt_7) & dgt_3) -> (OpState = 2)))),G(((classifier = 1) ∧ ¬dgt_7 ∧ dgt_3) → (OpState = 2)),True
30/30,state_req103,(G ((classifier = 1) -> ((! dgt_3) -> (OpState = 3)))),G(((classifier = 1) ∧ ¬dgt_3) → (OpState = 3)),True
28/30,state_req201,(G ((classifier = 2) -> (dgt_7 -> (OpState = 2)))),G((classifier = 2 ∧ dgt_7) → (OpState = 2)),True
28/30,state_req202,(G ((classifier = 2) -> (((! dgt_7) & dgt_3) -> (OpState = 3)))),G((classifier = 2 ∧ dgt_3 ∧ ¬dgt_7) → (OpState = 3)),True
28/30,state_req203,(G ((classifier = 2) -> ((! dgt_3) -> (OpState = 3)))),G((classifier = 2 ∧ ¬dgt_3) → (OpState = 3)),True
28/31,classifier_assumption,(G (((classifier = 0) xor (classifier = 1)) xor (classifier = 2))),G((classifier = 0) ∨ (classifier = 1) ∨ (classifier = 2)),True
14/31,dtt assumption,(G ((! (classifier = 0)) -> (distance_to_target >= 0))),G((((classifier = 1) ∨ (classifier = 2)) → (distance_to_target ≥ 0))),True
30/31,operationalstate_0,(G ((OpState = 0) -> ((((! slowdown) & (! halt)) & (! alert)) & (! turnoffUVC)))),G((OpState = 0) → (¬slowdown ∧ ¬halt ∧ ¬alert ∧ ¬turnoffUVC)),True
30/31,operationalstate_1,(G ((OpState = 1) -> ((((! slowdown) & (! halt)) & alert) & (! turnoffUVC)))),G((OpState = 1) → (alert ∧ ¬slowdown ∧ ¬halt ∧ ¬turnoffUVC)),True
30/31,operationalstate_2,(G ((OpState = 2) -> (((slowdown & (! halt)) & alert) & (! turnoffUVC)))),G((OpState = 2) → (slowdown ∧ alert ∧ ¬halt ∧ ¬turnoffUVC)),True
0/31,operationalstate_3,(G ((OpState = 3) -> ((((! slowdown) & halt) & alert) & turnoffUVC))),G((OpState = 3) → (halt ∧ turnoffUVC ∧ ¬slowdown ∧ ¬alert)),False
31/31,state_req000,(G ((classifier = 0) -> (OpState = 0))),G((classifier = 0) → (OpState = 0)),True
30/31,state_req101,(G ((classifier = 1) -> (dgt_7 -> (OpState = 1)))),G((classifier = 1 ∧ dgt_7) → (OpState = 1)),True
31/31,state_req102,(G ((classifier = 1) -> (((! dgt_7) & dgt_3) -> (OpState = 2)))),G((classifier = 1 ∧ dgt_3 ∧ ¬dgt_7) → (OpState = 2)),True
31/31,state_req103,(G ((classifier = 1) -> ((! dgt_3) -> (OpState = 3)))),G((classifier = 1 ∧ ¬dgt_3) → (OpState = 3)),True
29/31,state_req201,(G ((classifier = 2) -> (dgt_7 -> (OpState = 2)))),G ((classifier = 2 ∧ dgt_7) → (OpState = 2)),True
29/31,state_req202,(G ((classifier = 2) -> (((! dgt_7) & dgt_3) -> (OpState = 3)))),G ((classifier = 2 ∧ dgt_3 ∧ ¬dgt_7) → (OpState = 3)),True
29/31,state_req203,(G ((classifier = 2) -> ((! dgt_3) -> (OpState = 3)))),G ((classifier = 2 ∧ ¬dgt_3) → (OpState = 3)),True
29/32,classifier_assumption,(G (((classifier = 0) xor (classifier = 1)) xor (classifier = 2))),G((classifier=0) ∨ (classifier=1) ∨ (classifier=2)),True
15/32,dtt assumption,(G ((! (classifier = 0)) -> (distance_to_target >= 0))),G(((classifier=1 ∨ classifier=2) → (distance_to_target ≥ 0))),True
31/32,operationalstate_0,(G ((OpState = 0) -> ((((! slowdown) & (! halt)) & (! alert)) & (! turnoffUVC)))),G((OpState=0) → (¬slowdown ∧ ¬halt ∧ ¬alert ∧ ¬turnoffUVC)),True
31/32,operationalstate_1,(G ((OpState = 1) -> ((((! slowdown) & (! halt)) & alert) & (! turnoffUVC)))),G((OpState=1) → (alert ∧ ¬slowdown ∧ ¬halt ∧ ¬turnoffUVC)),True
31/32,operationalstate_2,(G ((OpState = 2) -> (((slowdown & (! halt)) & alert) & (! turnoffUVC)))),G((OpState=2) → (slowdown ∧ alert ∧ ¬halt ∧ ¬turnoffUVC)),True
0/32,operationalstate_3,(G ((OpState = 3) -> ((((! slowdown) & halt) & alert) & turnoffUVC))),G((OpState = 3) → (halt ∧ turnoffUVC ∧ ¬slowdown ∧ ¬alert)),False
32/32,state_req000,(G ((classifier = 0) -> (OpState = 0))),G((classifier = 0) → (OpState = 0)),True
31/32,state_req101,(G ((classifier = 1) -> (dgt_7 -> (OpState = 1)))),G((classifier = 1 ∧ dgt_7) → (OpState = 1)),True
32/32,state_req102,(G ((classifier = 1) -> (((! dgt_7) & dgt_3) -> (OpState = 2)))),G((classifier = 1 ∧ ¬dgt_7 ∧ dgt_3) → (OpState = 2)),True
32/32,state_req103,(G ((classifier = 1) -> ((! dgt_3) -> (OpState = 3)))),G((classifier = 1 ∧ ¬dgt_3) → (OpState = 3)),True
30/32,state_req201,(G ((classifier = 2) -> (dgt_7 -> (OpState = 2)))),(dgt_7 ∧ classifier = 2) → G(OpState = 2),False
30/32,state_req202,(G ((classifier = 2) -> (((! dgt_7) & dgt_3) -> (OpState = 3)))),(¬dgt_7 ∧ dgt_3 ∧ classifier = 2) → G(OpState = 3),False
30/32,state_req203,(G ((classifier = 2) -> ((! dgt_3) -> (OpState = 3)))),(¬dgt_3 ∧ classifier = 2) → G(OpState = 3),False
30/33,classifier_assumption,(G (((classifier = 0) xor (classifier = 1)) xor (classifier = 2))),G((classifier = 0) ∨ (classifier = 1) ∨ (classifier = 2)),True
15/33,dtt assumption,(G ((! (classifier = 0)) -> (distance_to_target >= 0))),G(((classifier ≠ 0)) → (distance_to_target ≥ 0)),True
32/33,operationalstate_0,(G ((OpState = 0) -> ((((! slowdown) & (! halt)) & (! alert)) & (! turnoffUVC)))),G((OpState = 0) → (¬slowdown ∧ ¬halt ∧ ¬alert ∧ ¬turnoffUVC)),True
32/33,operationalstate_1,(G ((OpState = 1) -> ((((! slowdown) & (! halt)) & alert) & (! turnoffUVC)))),G((OpState = 1) → (alert ∧ ¬slowdown ∧ ¬halt ∧ ¬turnoffUVC)),True
32/33,operationalstate_2,(G ((OpState = 2) -> (((slowdown & (! halt)) & alert) & (! turnoffUVC)))),G((OpState = 2) → (slowdown ∧ alert ∧ ¬halt ∧ ¬turnoffUVC)),True
0/33,operationalstate_3,(G ((OpState = 3) -> ((((! slowdown) & halt) & alert) & turnoffUVC))),G((OpState = 3) → (halt ∧ turnoffUVC ∧ ¬slowdown ∧ ¬alert)),False
33/33,state_req000,(G ((classifier = 0) -> (OpState = 0))),G((classifier = 0) → (OpState = 0)),True
32/33,state_req101,(G ((classifier = 1) -> (dgt_7 -> (OpState = 1)))),G((classifier = 1 ∧ dgt_7) → (OpState = 1)),True
33/33,state_req102,(G ((classifier = 1) -> (((! dgt_7) & dgt_3) -> (OpState = 2)))),G((classifier = 1 ∧ dgt_3 ∧ ¬dgt_7) → (OpState = 2)),True
33/33,state_req103,(G ((classifier = 1) -> ((! dgt_3) -> (OpState = 3)))),G((classifier = 1 ∧ ¬dgt_3) → (OpState = 3)),True
30/33,state_req201,(G ((classifier = 2) -> (dgt_7 -> (OpState = 2)))),(dgt_7 ∧ classifier = 2) S (OpState = 2),False
30/33,state_req202,(G ((classifier = 2) -> (((! dgt_7) & dgt_3) -> (OpState = 3)))),((¬dgt_3) ∧ dgt_7 ∧ classifier = 2) S (OpState = 3),False
30/33,state_req203,(G ((classifier = 2) -> ((! dgt_3) -> (OpState = 3)))),((¬dgt_3) ∧ classifier = 2) S (OpState = 3),False
31/34,classifier_assumption,(G (((classifier = 0) xor (classifier = 1)) xor (classifier = 2))),G((classifier = 0) ∨ (classifier = 1) ∨ (classifier = 2)),True
16/34,dtt assumption,(G ((! (classifier = 0)) -> (distance_to_target >= 0))),G(((classifier = 1 ∨ classifier = 2) → distance_to_target ≥ 0)),True
33/34,operationalstate_0,(G ((OpState = 0) -> ((((! slowdown) & (! halt)) & (! alert)) & (! turnoffUVC)))),G(((OpState = 0) → (¬slowdown ∧ ¬halt ∧ ¬alert ∧ ¬turnoffUVC))),True
33/34,operationalstate_1,(G ((OpState = 1) -> ((((! slowdown) & (! halt)) & alert) & (! turnoffUVC)))),G(((OpState = 1) → (alert ∧ ¬slowdown ∧ ¬halt ∧ ¬turnoffUVC))),True
33/34,operationalstate_2,(G ((OpState = 2) -> (((slowdown & (! halt)) & alert) & (! turnoffUVC)))),G(((OpState = 2) → (slowdown ∧ alert ∧ ¬halt ∧ ¬turnoffUVC))),True
0/34,operationalstate_3,(G ((OpState = 3) -> ((((! slowdown) & halt) & alert) & turnoffUVC))),(G((OpState = 3) → (halt ∧ turnoffUVC ∧ ¬slowdown ∧ ¬alert))),False
34/34,state_req000,(G ((classifier = 0) -> (OpState = 0))),(G((classifier = 0) → (OpState = 0))),True
33/34,state_req101,(G ((classifier = 1) -> (dgt_7 -> (OpState = 1)))),(G((classifier = 1 ∧ dgt_7) → (OpState = 1))),True
34/34,state_req102,(G ((classifier = 1) -> (((! dgt_7) & dgt_3) -> (OpState = 2)))),(G((classifier = 1 ∧ dgt_3 ∧ ¬dgt_7) → (OpState = 2))),True
34/34,state_req103,(G ((classifier = 1) -> ((! dgt_3) -> (OpState = 3)))),(G((classifier = 1 ∧ ¬dgt_3) → (OpState = 3))),True
31/34,state_req201,(G ((classifier = 2) -> (dgt_7 -> (OpState = 2)))),G((classifier = 2 ∧ dgt_7) → OpState = 2),True
31/34,state_req202,(G ((classifier = 2) -> (((! dgt_7) & dgt_3) -> (OpState = 3)))),G((classifier = 2 ∧ ¬dgt_7 ∧ dgt_3) → OpState = 3),True
31/34,state_req203,(G ((classifier = 2) -> ((! dgt_3) -> (OpState = 3)))),G((classifier = 2 ∧ ¬dgt_3) → OpState = 3),True
32/35,classifier_assumption,(G (((classifier = 0) xor (classifier = 1)) xor (classifier = 2))),G( (classifier = 0 ∨ classifier = 1 ∨ classifier = 2) ),True
16/35,dtt assumption,(G ((! (classifier = 0)) -> (distance_to_target >= 0))),G( (classifier ≠ 0 → distance_to_target ≥ 0) ),True
34/35,operationalstate_0,(G ((OpState = 0) -> ((((! slowdown) & (! halt)) & (! alert)) & (! turnoffUVC)))),G( (OpState = 0 → ¬slowdown ∧ ¬halt ∧ ¬alert ∧ ¬turnoffUVC) ),True
34/35,operationalstate_1,(G ((OpState = 1) -> ((((! slowdown) & (! halt)) & alert) & (! turnoffUVC)))),G( (OpState = 1 → alert ∧ ¬slowdown ∧ ¬halt ∧ ¬turnoffUVC) ),True
34/35,operationalstate_2,(G ((OpState = 2) -> (((slowdown & (! halt)) & alert) & (! turnoffUVC)))),G( (OpState = 2 → slowdown ∧ alert ∧ ¬halt ∧ ¬turnoffUVC) ),True
0/35,operationalstate_3,(G ((OpState = 3) -> ((((! slowdown) & halt) & alert) & turnoffUVC))),G((OpState = 3) → (halt ∧ turnoffUVC ∧ ¬slowdown ∧ ¬alert)),False
35/35,state_req000,(G ((classifier = 0) -> (OpState = 0))),G((classifier = 0) → (OpState = 0)),True
34/35,state_req101,(G ((classifier = 1) -> (dgt_7 -> (OpState = 1)))),G((classifier = 1 ∧ dgt_7) → (OpState = 1)),True
35/35,state_req102,(G ((classifier = 1) -> (((! dgt_7) & dgt_3) -> (OpState = 2)))),G((classifier = 1 ∧ dgt_3 ∧ ¬dgt_7) → (OpState = 2)),True
35/35,state_req103,(G ((classifier = 1) -> ((! dgt_3) -> (OpState = 3)))),G((classifier = 1 ∧ ¬dgt_3) → (OpState = 3)),True
32/35,state_req201,(G ((classifier = 2) -> (dgt_7 -> (OpState = 2)))),G((classifier = 2 ∧ dgt_7) → OpState = 2),True
32/35,state_req202,(G ((classifier = 2) -> (((! dgt_7) & dgt_3) -> (OpState = 3)))),G((classifier = 2 ∧ dgt_3 ∧ ¬dgt_7) → OpState = 3),True
32/35,state_req203,(G ((classifier = 2) -> ((! dgt_3) -> (OpState = 3)))),G((classifier = 2 ∧ ¬dgt_3) → OpState = 3),True
33/36,classifier_assumption,(G (((classifier = 0) xor (classifier = 1)) xor (classifier = 2))),G (classifier = 0 ∨ classifier = 1 ∨ classifier = 2),True
17/36,dtt assumption,(G ((! (classifier = 0)) -> (distance_to_target >= 0))),G (((classifier = 1 ∨ classifier = 2) → (distance_to_target ≥ 0))),True
35/36,operationalstate_0,(G ((OpState = 0) -> ((((! slowdown) & (! halt)) & (! alert)) & (! turnoffUVC)))),G ((OpState = 0) → (¬slowdown ∧ ¬halt ∧ ¬alert ∧ ¬turnoffUVC)),True
35/36,operationalstate_1,(G ((OpState = 1) -> ((((! slowdown) & (! halt)) & alert) & (! turnoffUVC)))),G ((OpState = 1) → (alert ∧ ¬slowdown ∧ ¬halt ∧ ¬turnoffUVC)),True
35/36,operationalstate_2,(G ((OpState = 2) -> (((slowdown & (! halt)) & alert) & (! turnoffUVC)))),G ((OpState = 2) → (slowdown ∧ alert ∧ ¬halt ∧ ¬turnoffUVC)),True
0/36,operationalstate_3,(G ((OpState = 3) -> ((((! slowdown) & halt) & alert) & turnoffUVC))),G((OpState = 3) → (halt ∧ turnoffUVC ∧ ¬slowdown ∧ ¬alert)),False
36/36,state_req000,(G ((classifier = 0) -> (OpState = 0))),G((classifier = 0) → (OpState = 0)),True
35/36,state_req101,(G ((classifier = 1) -> (dgt_7 -> (OpState = 1)))),G((classifier = 1 ∧ dgt_7) → (OpState = 1)),True
36/36,state_req102,(G ((classifier = 1) -> (((! dgt_7) & dgt_3) -> (OpState = 2)))),G((classifier = 1 ∧ dgt_3 ∧ ¬dgt_7) → (OpState = 2)),True
36/36,state_req103,(G ((classifier = 1) -> ((! dgt_3) -> (OpState = 3)))),G((classifier = 1 ∧ ¬dgt_3) → (OpState = 3)),True
33/36,state_req201,(G ((classifier = 2) -> (dgt_7 -> (OpState = 2)))),G((classifier = 2 ∧ dgt_7) → (OpState = 2)),True
33/36,state_req202,(G ((classifier = 2) -> (((! dgt_7) & dgt_3) -> (OpState = 3)))),G((classifier = 2 ∧ dgt_3 ∧ ¬dgt_7) → (OpState = 3)),True
33/36,state_req203,(G ((classifier = 2) -> ((! dgt_3) -> (OpState = 3)))),G((classifier = 2 ∧ ¬dgt_3) → (OpState = 3)),True
34/37,classifier_assumption,(G (((classifier = 0) xor (classifier = 1)) xor (classifier = 2))),G((classifier=0 ∨ classifier=1 ∨ classifier=2)),True
17/37,dtt assumption,(G ((! (classifier = 0)) -> (distance_to_target >= 0))),G((classifier≠0 → distance_to_target≥0)),True
36/37,operationalstate_0,(G ((OpState = 0) -> ((((! slowdown) & (! halt)) & (! alert)) & (! turnoffUVC)))),G((OpState=0 → (¬slowdown ∧ ¬halt ∧ ¬alert ∧ ¬turnoffUVC))),True
36/37,operationalstate_1,(G ((OpState = 1) -> ((((! slowdown) & (! halt)) & alert) & (! turnoffUVC)))),G((OpState=1 → (alert ∧ ¬slowdown ∧ ¬halt ∧ ¬turnoffUVC))),True
36/37,operationalstate_2,(G ((OpState = 2) -> (((slowdown & (! halt)) & alert) & (! turnoffUVC)))),G((OpState=2 → (slowdown ∧ alert ∧ ¬halt ∧ ¬turnoffUVC))),True
0/37,operationalstate_3,(G ((OpState = 3) -> ((((! slowdown) & halt) & alert) & turnoffUVC))),G((OpState = 3) → (halt ∧ turnoffUVC ∧ ¬slowdown ∧ ¬alert)),False
37/37,state_req000,(G ((classifier = 0) -> (OpState = 0))),G((classifier = 0) → (OpState = 0)),True
36/37,state_req101,(G ((classifier = 1) -> (dgt_7 -> (OpState = 1)))),G(((classifier = 1) ∧ dgt_7) → (OpState = 1)),True
36/37,state_req102,(G ((classifier = 1) -> (((! dgt_7) & dgt_3) -> (OpState = 2)))),G(((classifier = 1) ∧ ¬dgt_3 ∧ ¬dgt_7) → (OpState = 2)),False
37/37,state_req103,(G ((classifier = 1) -> ((! dgt_3) -> (OpState = 3)))),G(((classifier = 1) ∧ ¬dgt_3) → (OpState = 3)),True
34/37,state_req201,(G ((classifier = 2) -> (dgt_7 -> (OpState = 2)))),G((classifier = 2 ∧ dgt_7) → OpState = 2),True
34/37,state_req202,(G ((classifier = 2) -> (((! dgt_7) & dgt_3) -> (OpState = 3)))),G((classifier = 2 ∧ ¬dgt_7 ∧ dgt_3) → OpState = 3),True
34/37,state_req203,(G ((classifier = 2) -> ((! dgt_3) -> (OpState = 3)))),G((classifier = 2 ∧ ¬dgt_3) → OpState = 3),True
35/38,classifier_assumption,(G (((classifier = 0) xor (classifier = 1)) xor (classifier = 2))),G (classifier=0 ∨ classifier=1 ∨ classifier=2),True
18/38,dtt assumption,(G ((! (classifier = 0)) -> (distance_to_target >= 0))),G ((classifier=1 ∨ classifier=2) → (distance_to_target ≥ 0)),True
37/38,operationalstate_0,(G ((OpState = 0) -> ((((! slowdown) & (! halt)) & (! alert)) & (! turnoffUVC)))),G ((OpState=0) → (¬slowdown ∧ ¬halt ∧ ¬alert ∧ ¬turnoffUVC)),True
37/38,operationalstate_1,(G ((OpState = 1) -> ((((! slowdown) & (! halt)) & alert) & (! turnoffUVC)))),G ((OpState=1) → (alert ∧ ¬slowdown ∧ ¬halt ∧ ¬turnoffUVC)),True
37/38,operationalstate_2,(G ((OpState = 2) -> (((slowdown & (! halt)) & alert) & (! turnoffUVC)))),G ((OpState=2) → (slowdown ∧ alert ∧ ¬halt ∧ ¬turnoffUVC)),True
0/38,operationalstate_3,(G ((OpState = 3) -> ((((! slowdown) & halt) & alert) & turnoffUVC))),G((OpState = 3) → (halt ∧ turnoffUVC ∧ ¬slowdown ∧ ¬alert)),False
38/38,state_req000,(G ((classifier = 0) -> (OpState = 0))),G((classifier = 0) → (OpState = 0)),True
37/38,state_req101,(G ((classifier = 1) -> (dgt_7 -> (OpState = 1)))),G(((classifier = 1) ∧ dgt_7) → (OpState = 1)),True
37/38,state_req102,(G ((classifier = 1) -> (((! dgt_7) & dgt_3) -> (OpState = 2)))),G(((classifier = 1) ∧ ¬dgt_7 ∧ dgt_3) → (OpState = 2)),True
38/38,state_req103,(G ((classifier = 1) -> ((! dgt_3) -> (OpState = 3)))),G(((classifier = 1) ∧ ¬dgt_3) → (OpState = 3)),True
35/38,state_req201,(G ((classifier = 2) -> (dgt_7 -> (OpState = 2)))),G((classifier = 2 ∧ dgt_7) → OpState = 2),True
35/38,state_req202,(G ((classifier = 2) -> (((! dgt_7) & dgt_3) -> (OpState = 3)))),G((classifier = 2 ∧ dgt_3 ∧ ¬dgt_7) → OpState = 3),True
35/38,state_req203,(G ((classifier = 2) -> ((! dgt_3) -> (OpState = 3)))),G((classifier = 2 ∧ ¬dgt_3) → OpState = 3),True
36/39,classifier_assumption,(G (((classifier = 0) xor (classifier = 1)) xor (classifier = 2))),G(classifier = 0 ∨ classifier = 1 ∨ classifier = 2),True
18/39,dtt assumption,(G ((! (classifier = 0)) -> (distance_to_target >= 0))),G(((classifier ≠ 0) → (distance_to_target ≥ 0))),True
38/39,operationalstate_0,(G ((OpState = 0) -> ((((! slowdown) & (! halt)) & (! alert)) & (! turnoffUVC)))),G(((OpState = 0) → (¬slowdown ∧ ¬halt ∧ ¬alert ∧ ¬turnoffUVC))),True
38/39,operationalstate_1,(G ((OpState = 1) -> ((((! slowdown) & (! halt)) & alert) & (! turnoffUVC)))),G(((OpState = 1) → (alert ∧ ¬slowdown ∧ ¬halt ∧ ¬turnoffUVC))),True
38/39,operationalstate_2,(G ((OpState = 2) -> (((slowdown & (! halt)) & alert) & (! turnoffUVC)))),G(((OpState = 2) → (slowdown ∧ alert ∧ ¬halt ∧ ¬turnoffUVC))),True
0/39,operationalstate_3,(G ((OpState = 3) -> ((((! slowdown) & halt) & alert) & turnoffUVC))),G((OpState = 3) → (halt ∧ turnoffUVC ∧ ¬slowdown ∧ ¬alert)),False
39/39,state_req000,(G ((classifier = 0) -> (OpState = 0))),G((classifier = 0) → (OpState = 0)),True
38/39,state_req101,(G ((classifier = 1) -> (dgt_7 -> (OpState = 1)))),G(((classifier = 1) ∧ dgt_7) → (OpState = 1)),True
38/39,state_req102,(G ((classifier = 1) -> (((! dgt_7) & dgt_3) -> (OpState = 2)))),G(((classifier = 1) ∧ ¬dgt_7 ∧ dgt_3) → (OpState = 2)),True
39/39,state_req103,(G ((classifier = 1) -> ((! dgt_3) -> (OpState = 3)))),G(((classifier = 1) ∧ ¬dgt_3) → (OpState = 3)),True
36/39,state_req201,(G ((classifier = 2) -> (dgt_7 -> (OpState = 2)))),G((classifier = 2 ∧ dgt_7) → (OpState = 2)),True
36/39,state_req202,(G ((classifier = 2) -> (((! dgt_7) & dgt_3) -> (OpState = 3)))),G((classifier = 2 ∧ dgt_3 ∧ ¬dgt_7) → (OpState = 3)),True
36/39,state_req203,(G ((classifier = 2) -> ((! dgt_3) -> (OpState = 3)))),G((classifier = 2 ∧ ¬dgt_3) → (OpState = 3)),True
36/40,classifier_assumption,(G (((classifier = 0) xor (classifier = 1)) xor (classifier = 2))),G(classifier = 0 or classifier = 1 or classifier = 2),
19/40,dtt assumption,(G ((! (classifier = 0)) -> (distance_to_target >= 0))),G((classifier != 0) -> (distance_to_target >= 0)),True
38/40,operationalstate_0,(G ((OpState = 0) -> ((((! slowdown) & (! halt)) & (! alert)) & (! turnoffUVC)))),G((OpState = 0) -> (!slowdown and !halt and !alert and !turnoffUVC)),
38/40,operationalstate_1,(G ((OpState = 1) -> ((((! slowdown) & (! halt)) & alert) & (! turnoffUVC)))),G((OpState = 1) -> (alert and !slowdown and !halt and !turnoffUVC)),
38/40,operationalstate_2,(G ((OpState = 2) -> (((slowdown & (! halt)) & alert) & (! turnoffUVC)))),G((OpState = 2) -> (slowdown and alert and !halt and !turnoffUVC)),
0/40,operationalstate_3,(G ((OpState = 3) -> ((((! slowdown) & halt) & alert) & turnoffUVC))),G((OpState = 3) → (halt ∧ turnoffUVC ∧ ¬slowdown ∧ ¬alert)),False
40/40,state_req000,(G ((classifier = 0) -> (OpState = 0))),G((classifier = 0) → (OpState = 0)),True
39/40,state_req101,(G ((classifier = 1) -> (dgt_7 -> (OpState = 1)))),G((classifier = 1 ∧ dgt_7) → (OpState = 1)),True
39/40,state_req102,(G ((classifier = 1) -> (((! dgt_7) & dgt_3) -> (OpState = 2)))),G((classifier = 1 ∧ ¬dgt_7 ∧ dgt_3) → (OpState = 2)),True
40/40,state_req103,(G ((classifier = 1) -> ((! dgt_3) -> (OpState = 3)))),G((classifier = 1 ∧ ¬dgt_3) → (OpState = 3)),True
37/40,state_req201,(G ((classifier = 2) -> (dgt_7 -> (OpState = 2)))),G((classifier = 2 ∧ dgt_7) → (OpState = 2)),True
37/40,state_req202,(G ((classifier = 2) -> (((! dgt_7) & dgt_3) -> (OpState = 3)))),G((classifier = 2 ∧ ¬dgt_7 ∧ dgt_3) → (OpState = 3)),True
37/40,state_req203,(G ((classifier = 2) -> ((! dgt_3) -> (OpState = 3)))),G((classifier = 2 ∧ ¬dgt_3) → (OpState = 3)),True
37/41,classifier_assumption,(G (((classifier = 0) xor (classifier = 1)) xor (classifier = 2))),G(classifier = 0 ∨ classifier = 1 ∨ classifier = 2),
19/41,dtt assumption,(G ((! (classifier = 0)) -> (distance_to_target >= 0))),G((classifier ≠ 0) → (distance_to_target ≥ 0)),True
39/41,operationalstate_0,(G ((OpState = 0) -> ((((! slowdown) & (! halt)) & (! alert)) & (! turnoffUVC)))),G((OpState = 0) → (¬slowdown ∧ ¬halt ∧ ¬alert ∧ ¬turnoffUVC)),True
39/41,operationalstate_1,(G ((OpState = 1) -> ((((! slowdown) & (! halt)) & alert) & (! turnoffUVC)))),G((OpState = 1) → (alert ∧ ¬slowdown ∧ ¬halt ∧ ¬turnoffUVC)),True
39/41,operationalstate_2,(G ((OpState = 2) -> (((slowdown & (! halt)) & alert) & (! turnoffUVC)))),G((OpState = 2) → (slowdown ∧ alert ∧ ¬halt ∧ ¬turnoffUVC)),True
0/41,operationalstate_3,(G ((OpState = 3) -> ((((! slowdown) & halt) & alert) & turnoffUVC))),G((OpState = 3) → (halt ∧ turnoffUVC ∧ ¬slowdown ∧ ¬alert)),False
41/41,state_req000,(G ((classifier = 0) -> (OpState = 0))),G((classifier = 0) → (OpState = 0)),True
40/41,state_req101,(G ((classifier = 1) -> (dgt_7 -> (OpState = 1)))),G(((classifier = 1) ∧ dgt_7) → (OpState = 1)),True
40/41,state_req102,(G ((classifier = 1) -> (((! dgt_7) & dgt_3) -> (OpState = 2)))),G(((classifier = 1) ∧ ¬dgt_7 ∧ dgt_3) → (OpState = 2)),True
41/41,state_req103,(G ((classifier = 1) -> ((! dgt_3) -> (OpState = 3)))),G(((classifier = 1) ∧ ¬dgt_3) → (OpState = 3)),True
38/41,state_req201,(G ((classifier = 2) -> (dgt_7 -> (OpState = 2)))),G((classifier = 2 ∧ dgt_7) → (OpState = 2)),True
38/41,state_req202,(G ((classifier = 2) -> (((! dgt_7) & dgt_3) -> (OpState = 3)))),G((classifier = 2 ∧ dgt_3 ∧ ¬dgt_7) → (OpState = 3)),True
38/41,state_req203,(G ((classifier = 2) -> ((! dgt_3) -> (OpState = 3)))),G((classifier = 2 ∧ ¬dgt_3) → (OpState = 3)),True
38/42,classifier_assumption,(G (((classifier = 0) xor (classifier = 1)) xor (classifier = 2))),G((classifier = 0 ∨ classifier = 1 ∨ classifier = 2)),True
20/42,dtt assumption,(G ((! (classifier = 0)) -> (distance_to_target >= 0))),G(((classifier = 1 ∨ classifier = 2) → (distance_to_target ≥ 0))),True
40/42,operationalstate_0,(G ((OpState = 0) -> ((((! slowdown) & (! halt)) & (! alert)) & (! turnoffUVC)))),G((OpState = 0) → ¬(slowdown ∨ halt ∨ alert ∨ turnoffUVC)),True
40/42,operationalstate_1,(G ((OpState = 1) -> ((((! slowdown) & (! halt)) & alert) & (! turnoffUVC)))),G((OpState = 1) → (alert ∧ ¬slowdown ∧ ¬halt ∧ ¬turnoffUVC)),
40/42,operationalstate_2,(G ((OpState = 2) -> (((slowdown & (! halt)) & alert) & (! turnoffUVC)))),G((OpState = 2) → (slowdown ∧ alert ∧ ¬halt ∧ ¬turnoffUVC)),
0/42,operationalstate_3,(G ((OpState = 3) -> ((((! slowdown) & halt) & alert) & turnoffUVC))),G((OpState=3) → (halt ∧ turnoffUVC ∧ ¬slowdown ∧ ¬alert)),False
42/42,state_req000,(G ((classifier = 0) -> (OpState = 0))),G((classifier=0) → (OpState=0)),True
41/42,state_req101,(G ((classifier = 1) -> (dgt_7 -> (OpState = 1)))),G((classifier=1 ∧ dgt_7) → (OpState=1)),True
41/42,state_req102,(G ((classifier = 1) -> (((! dgt_7) & dgt_3) -> (OpState = 2)))),G((classifier=1 ∧ ¬dgt_7 ∧ dgt_3) → (OpState=2)),True
42/42,state_req103,(G ((classifier = 1) -> ((! dgt_3) -> (OpState = 3)))),G((classifier=1 ∧ ¬dgt_3) → (OpState=3)),True
39/42,state_req201,(G ((classifier = 2) -> (dgt_7 -> (OpState = 2)))),(classifier = 2 ∧ dgt_7) → OpState = 2,False
39/42,state_req202,(G ((classifier = 2) -> (((! dgt_7) & dgt_3) -> (OpState = 3)))),(classifier = 2 ∧ ¬dgt_7 ∧ dgt_3) → OpState = 3,False
39/42,state_req203,(G ((classifier = 2) -> ((! dgt_3) -> (OpState = 3)))),(classifier = 2 ∧ ¬dgt_3) → OpState = 3,False
39/43,classifier_assumption,(G (((classifier = 0) xor (classifier = 1)) xor (classifier = 2))),G (classifier = 0 ∨ classifier = 1 ∨ classifier = 2),True
21/43,dtt assumption,(G ((! (classifier = 0)) -> (distance_to_target >= 0))),G ((classifier = 1 ∨ classifier = 2) → (distance_to_target ≥ 0)),True
41/43,operationalstate_0,(G ((OpState = 0) -> ((((! slowdown) & (! halt)) & (! alert)) & (! turnoffUVC)))),G ((OpState = 0) → (¬slowdown ∧ ¬halt ∧ ¬alert ∧ ¬turnoffUVC)),True
41/43,operationalstate_1,(G ((OpState = 1) -> ((((! slowdown) & (! halt)) & alert) & (! turnoffUVC)))),G ((OpState = 1) → (alert ∧ ¬slowdown ∧ ¬halt ∧ ¬turnoffUVC)),True
41/43,operationalstate_2,(G ((OpState = 2) -> (((slowdown & (! halt)) & alert) & (! turnoffUVC)))),G ((OpState = 2) → (slowdown ∧ alert ∧ ¬halt ∧ ¬turnoffUVC)),True
0/43,operationalstate_3,(G ((OpState = 3) -> ((((! slowdown) & halt) & alert) & turnoffUVC))),G((OpState = 3) → (halt ∧ turnoffUVC ∧ ¬slowdown ∧ ¬alert)),False
43/43,state_req000,(G ((classifier = 0) -> (OpState = 0))),G((classifier = 0) → (OpState = 0)),True
42/43,state_req101,(G ((classifier = 1) -> (dgt_7 -> (OpState = 1)))),G((classifier = 1 ∧ dgt_7) → (OpState = 1)),True
42/43,state_req102,(G ((classifier = 1) -> (((! dgt_7) & dgt_3) -> (OpState = 2)))),G((classifier = 1 ∧ ¬dgt_7 ∧ dgt_3) → (OpState = 2)),True
43/43,state_req103,(G ((classifier = 1) -> ((! dgt_3) -> (OpState = 3)))),G((classifier = 1 ∧ ¬dgt_3) → (OpState = 3)),True
40/43,state_req201,(G ((classifier = 2) -> (dgt_7 -> (OpState = 2)))),G((classifier = 2 ∧ dgt_7) → (OpState = 2)),True
40/43,state_req202,(G ((classifier = 2) -> (((! dgt_7) & dgt_3) -> (OpState = 3)))),G((classifier = 2 ∧ ¬dgt_7 ∧ dgt_3) → (OpState = 3)),True
40/43,state_req203,(G ((classifier = 2) -> ((! dgt_3) -> (OpState = 3)))),G((classifier = 2 ∧ ¬dgt_3) → (OpState = 3)),True
40/44,classifier_assumption,(G (((classifier = 0) xor (classifier = 1)) xor (classifier = 2))),G (classifier = 0 ∨ classifier = 1 ∨ classifier = 2),True
22/44,dtt assumption,(G ((! (classifier = 0)) -> (distance_to_target >= 0))),G (((classifier = 1 ∨ classifier = 2) → (distance_to_target ≥ 0))),True
42/44,operationalstate_0,(G ((OpState = 0) -> ((((! slowdown) & (! halt)) & (! alert)) & (! turnoffUVC)))),G ((OpState = 0) → (¬slowdown ∧ ¬halt ∧ ¬alert ∧ ¬turnoffUVC)),True
42/44,operationalstate_1,(G ((OpState = 1) -> ((((! slowdown) & (! halt)) & alert) & (! turnoffUVC)))),G ((OpState = 1) → (alert ∧ ¬slowdown ∧ ¬halt ∧ ¬turnoffUVC)),True
42/44,operationalstate_2,(G ((OpState = 2) -> (((slowdown & (! halt)) & alert) & (! turnoffUVC)))),G ((OpState = 2) → (slowdown ∧ alert ∧ ¬halt ∧ ¬turnoffUVC)),True
0/44,operationalstate_3,(G ((OpState = 3) -> ((((! slowdown) & halt) & alert) & turnoffUVC))),G((OpState = 3) -> (halt ∧ turnoffUVC ∧ ¬slowdown ∧ ¬alert)),False
44/44,state_req000,(G ((classifier = 0) -> (OpState = 0))),G((classifier = 0) -> (OpState = 0)),True
43/44,state_req101,(G ((classifier = 1) -> (dgt_7 -> (OpState = 1)))),G(((classifier = 1) ∧ dgt_7) -> (OpState = 1)),True
43/44,state_req102,(G ((classifier = 1) -> (((! dgt_7) & dgt_3) -> (OpState = 2)))),G(((classifier = 1) ∧ ¬dgt_7 ∧ dgt_3) -> (OpState = 2)),True
44/44,state_req103,(G ((classifier = 1) -> ((! dgt_3) -> (OpState = 3)))),G(((classifier = 1) ∧ ¬dgt_3) -> (OpState = 3)),True
41/44,state_req201,(G ((classifier = 2) -> (dgt_7 -> (OpState = 2)))),G((classifier = 2 ∧ dgt_7) → (OpState = 2)),True
41/44,state_req202,(G ((classifier = 2) -> (((! dgt_7) & dgt_3) -> (OpState = 3)))),G((classifier = 2 ∧ ¬dgt_7 ∧ dgt_3) → (OpState = 3)),True
41/44,state_req203,(G ((classifier = 2) -> ((! dgt_3) -> (OpState = 3)))),G((classifier = 2 ∧ ¬dgt_3) → (OpState = 3)),True
41/45,classifier_assumption,(G (((classifier = 0) xor (classifier = 1)) xor (classifier = 2))),G (classifier = 0 ∨ classifier = 1 ∨ classifier = 2),True
23/45,dtt assumption,(G ((! (classifier = 0)) -> (distance_to_target >= 0))),G (((classifier = 1 ∨ classifier = 2) → distance_to_target ≥ 0)),True
43/45,operationalstate_0,(G ((OpState = 0) -> ((((! slowdown) & (! halt)) & (! alert)) & (! turnoffUVC)))),G ((OpState = 0) → ¬slowdown ∧ ¬halt ∧ ¬alert ∧ ¬turnoffUVC),True
43/45,operationalstate_1,(G ((OpState = 1) -> ((((! slowdown) & (! halt)) & alert) & (! turnoffUVC)))),G ((OpState = 1) → alert ∧ ¬slowdown ∧ ¬halt ∧ ¬turnoffUVC),True
43/45,operationalstate_2,(G ((OpState = 2) -> (((slowdown & (! halt)) & alert) & (! turnoffUVC)))),G ((OpState = 2) → slowdown ∧ alert ∧ ¬halt ∧ ¬turnoffUVC),True
0/45,operationalstate_3,(G ((OpState = 3) -> ((((! slowdown) & halt) & alert) & turnoffUVC))),G((OpState = 3) → (halt ∧ turnoffUVC ∧ ¬slowdown ∧ ¬alert)),False
45/45,state_req000,(G ((classifier = 0) -> (OpState = 0))),G((classifier = 0) → (OpState = 0)),True
44/45,state_req101,(G ((classifier = 1) -> (dgt_7 -> (OpState = 1)))),G(((classifier = 1) ∧ dgt_7) → (OpState = 1)),True
44/45,state_req102,(G ((classifier = 1) -> (((! dgt_7) & dgt_3) -> (OpState = 2)))),G(((classifier = 1) ∧ ¬dgt_7 ∧ dgt_3) → (OpState = 2)),True
45/45,state_req103,(G ((classifier = 1) -> ((! dgt_3) -> (OpState = 3)))),G(((classifier = 1) ∧ ¬dgt_3) → (OpState = 3)),True
42/45,state_req201,(G ((classifier = 2) -> (dgt_7 -> (OpState = 2)))),G((classifier = 2 ∧ dgt_7) → OpState = 2),True
42/45,state_req202,(G ((classifier = 2) -> (((! dgt_7) & dgt_3) -> (OpState = 3)))),G((classifier = 2 ∧ dgt_3 ∧ ¬dgt_7) → OpState = 3),True
42/45,state_req203,(G ((classifier = 2) -> ((! dgt_3) -> (OpState = 3)))),G((classifier = 2 ∧ ¬dgt_3) → OpState = 3),True
42/46,classifier_assumption,(G (((classifier = 0) xor (classifier = 1)) xor (classifier = 2))),G(classifier = 0 ∨ classifier = 1 ∨ classifier = 2),True
23/46,dtt assumption,(G ((! (classifier = 0)) -> (distance_to_target >= 0))),G((classifier ≠ 0) → (distance_to_target ≥ 0)),True
44/46,operationalstate_0,(G ((OpState = 0) -> ((((! slowdown) & (! halt)) & (! alert)) & (! turnoffUVC)))),G((OpState = 0) → (¬slowdown ∧ ¬halt ∧ ¬alert ∧ ¬turnoffUVC)),True
44/46,operationalstate_1,(G ((OpState = 1) -> ((((! slowdown) & (! halt)) & alert) & (! turnoffUVC)))),G((OpState = 1) → (alert ∧ ¬slowdown ∧ ¬halt ∧ ¬turnoffUVC)),True
44/46,operationalstate_2,(G ((OpState = 2) -> (((slowdown & (! halt)) & alert) & (! turnoffUVC)))),G((OpState = 2) → (slowdown ∧ alert ∧ ¬halt ∧ ¬turnoffUVC)),True
0/46,operationalstate_3,(G ((OpState = 3) -> ((((! slowdown) & halt) & alert) & turnoffUVC))),G((OpState = 3) → (halt ∧ turnoffUVC ∧ ¬slowdown ∧ ¬alert)),False
46/46,state_req000,(G ((classifier = 0) -> (OpState = 0))),G((classifier = 0) → (OpState = 0)),True
45/46,state_req101,(G ((classifier = 1) -> (dgt_7 -> (OpState = 1)))),G(((classifier = 1) ∧ dgt_7) → (OpState = 1)),True
45/46,state_req102,(G ((classifier = 1) -> (((! dgt_7) & dgt_3) -> (OpState = 2)))),G(((classifier = 1) ∧ ¬dgt_7 ∧ dgt_3) → (OpState = 2)),True
46/46,state_req103,(G ((classifier = 1) -> ((! dgt_3) -> (OpState = 3)))),G(((classifier = 1) ∧ ¬dgt_3) → (OpState = 3)),True
43/46,state_req201,(G ((classifier = 2) -> (dgt_7 -> (OpState = 2)))),G((classifier = 2 ∧ dgt_7) → OpState = 2),True
43/46,state_req202,(G ((classifier = 2) -> (((! dgt_7) & dgt_3) -> (OpState = 3)))),G((classifier = 2 ∧ dgt_3 ∧ ¬dgt_7) → OpState = 3),True
43/46,state_req203,(G ((classifier = 2) -> ((! dgt_3) -> (OpState = 3)))),G((classifier = 2 ∧ ¬dgt_3) → OpState = 3),True
43/47,classifier_assumption,(G (((classifier = 0) xor (classifier = 1)) xor (classifier = 2))),G (classifier = 0 ∨ classifier = 1 ∨ classifier = 2),True
24/47,dtt assumption,(G ((! (classifier = 0)) -> (distance_to_target >= 0))),G ((classifier = 1 ∨ classifier = 2) → (distance_to_target ≥ 0)),True
45/47,operationalstate_0,(G ((OpState = 0) -> ((((! slowdown) & (! halt)) & (! alert)) & (! turnoffUVC)))),G ((OpState = 0) → (¬slowdown ∧ ¬halt ∧ ¬alert ∧ ¬turnoffUVC)),True
45/47,operationalstate_1,(G ((OpState = 1) -> ((((! slowdown) & (! halt)) & alert) & (! turnoffUVC)))),G ((OpState = 1) → (alert ∧ ¬slowdown ∧ ¬halt ∧ ¬turnoffUVC)),True
45/47,operationalstate_2,(G ((OpState = 2) -> (((slowdown & (! halt)) & alert) & (! turnoffUVC)))),G ((OpState = 2) → (slowdown ∧ alert ∧ ¬halt ∧ ¬turnoffUVC)),True
0/47,operationalstate_3,(G ((OpState = 3) -> ((((! slowdown) & halt) & alert) & turnoffUVC))),G((OpState = 3) -> (halt ∧ turnoffUVC ∧ ¬slowdown ∧ ¬alert)),False
47/47,state_req000,(G ((classifier = 0) -> (OpState = 0))),G((classifier = 0) -> (OpState = 0)),True
46/47,state_req101,(G ((classifier = 1) -> (dgt_7 -> (OpState = 1)))),G(((classifier = 1) ∧ dgt_7) -> (OpState = 1)),True
46/47,state_req102,(G ((classifier = 1) -> (((! dgt_7) & dgt_3) -> (OpState = 2)))),G(((classifier = 1) ∧ ¬dgt_7 ∧ dgt_3) -> (OpState = 2)),True
47/47,state_req103,(G ((classifier = 1) -> ((! dgt_3) -> (OpState = 3)))),G(((classifier = 1) ∧ ¬dgt_3) -> (OpState = 3)),True
44/47,state_req201,(G ((classifier = 2) -> (dgt_7 -> (OpState = 2)))),(dgt_7 ∧ classifier = 2) → G(OpState = 2),False
43/47,state_req202,(G ((classifier = 2) -> (((! dgt_7) & dgt_3) -> (OpState = 3)))),((¬dgt_3) ∧ (¬dgt_7) ∧ classifier = 2) → G(OpState = 3),False
44/47,state_req203,(G ((classifier = 2) -> ((! dgt_3) -> (OpState = 3)))),((¬dgt_3) ∧ classifier = 2) → G(OpState = 3),False
44/48,classifier_assumption,(G (((classifier = 0) xor (classifier = 1)) xor (classifier = 2))),G(classifier = 0 ∨ classifier = 1 ∨ classifier = 2),True
25/48,dtt assumption,(G ((! (classifier = 0)) -> (distance_to_target >= 0))),G(((classifier = 1 ∨ classifier = 2) → distance_to_target ≥ 0)),True
46/48,operationalstate_0,(G ((OpState = 0) -> ((((! slowdown) & (! halt)) & (! alert)) & (! turnoffUVC)))),G((OpState = 0) → (¬slowdown ∧ ¬halt ∧ ¬alert ∧ ¬turnoffUVC)),True
46/48,operationalstate_1,(G ((OpState = 1) -> ((((! slowdown) & (! halt)) & alert) & (! turnoffUVC)))),G((OpState = 1) → (alert ∧ ¬slowdown ∧ ¬halt ∧ ¬turnoffUVC)),True
46/48,operationalstate_2,(G ((OpState = 2) -> (((slowdown & (! halt)) & alert) & (! turnoffUVC)))),G((OpState = 2) → (slowdown ∧ alert ∧ ¬halt ∧ ¬turnoffUVC)),True
0/48,operationalstate_3,(G ((OpState = 3) -> ((((! slowdown) & halt) & alert) & turnoffUVC))),G((OpState = 3) → (halt ∧ turnoffUVC ∧ ¬slowdown ∧ ¬alert)),False
48/48,state_req000,(G ((classifier = 0) -> (OpState = 0))),G((classifier = 0) → (OpState = 0)),True
47/48,state_req101,(G ((classifier = 1) -> (dgt_7 -> (OpState = 1)))),G((classifier = 1 ∧ dgt_7) → (OpState = 1)),True
47/48,state_req102,(G ((classifier = 1) -> (((! dgt_7) & dgt_3) -> (OpState = 2)))),G((classifier = 1 ∧ dgt_3 ∧ ¬dgt_7) → (OpState = 2)),True
48/48,state_req103,(G ((classifier = 1) -> ((! dgt_3) -> (OpState = 3)))),G((classifier = 1 ∧ ¬dgt_3) → (OpState = 3)),True
45/48,state_req201,(G ((classifier = 2) -> (dgt_7 -> (OpState = 2)))),G( (classifier = 2 ∧ dgt_7) → OpState = 2 ),True
44/48,state_req202,(G ((classifier = 2) -> (((! dgt_7) & dgt_3) -> (OpState = 3)))),G( (classifier = 2 ∧ dgt_3 ∧ ¬dgt_7) → OpState = 3 ),True
45/48,state_req203,(G ((classifier = 2) -> ((! dgt_3) -> (OpState = 3)))),G( (classifier = 2 ∧ ¬dgt_3) → OpState = 3 ),True
45/49,classifier_assumption,(G (((classifier = 0) xor (classifier = 1)) xor (classifier = 2))),G(classifier = 0 ∨ classifier = 1 ∨ classifier = 2),True
26/49,dtt assumption,(G ((! (classifier = 0)) -> (distance_to_target >= 0))),G(((classifier = 1 ∨ classifier = 2) → distance_to_target ≥ 0)),True
47/49,operationalstate_0,(G ((OpState = 0) -> ((((! slowdown) & (! halt)) & (! alert)) & (! turnoffUVC)))),G((OpState = 0) → (¬slowdown ∧ ¬halt ∧ ¬alert ∧ ¬turnoffUVC)),True
47/49,operationalstate_1,(G ((OpState = 1) -> ((((! slowdown) & (! halt)) & alert) & (! turnoffUVC)))),G((OpState = 1) → (alert ∧ ¬slowdown ∧ ¬halt ∧ ¬turnoffUVC)),True
47/49,operationalstate_2,(G ((OpState = 2) -> (((slowdown & (! halt)) & alert) & (! turnoffUVC)))),G((OpState = 2) → (slowdown ∧ alert ∧ ¬halt ∧ ¬turnoffUVC)),True
0/49,operationalstate_3,(G ((OpState = 3) -> ((((! slowdown) & halt) & alert) & turnoffUVC))),G((OpState=3) -> (halt ∧ turnoffUVC ∧ ¬slowdown ∧ ¬alert)),False
49/49,state_req000,(G ((classifier = 0) -> (OpState = 0))),G((classifier=0) -> (OpState=0)),True
48/49,state_req101,(G ((classifier = 1) -> (dgt_7 -> (OpState = 1)))),G((classifier=1 ∧ dgt_7) -> (OpState=1)),True
47/49,state_req102,(G ((classifier = 1) -> (((! dgt_7) & dgt_3) -> (OpState = 2)))),G((classifier=1 ∧ ¬dgt_3 ∧ ¬dgt_7) -> (OpState=2)),False
49/49,state_req103,(G ((classifier = 1) -> ((! dgt_3) -> (OpState = 3)))),G((classifier=1 ∧ ¬dgt_3) -> (OpState=3)),True
46/49,state_req201,(G ((classifier = 2) -> (dgt_7 -> (OpState = 2)))),G((classifier = 2 ∧ dgt_7) → OpState = 2),True
45/49,state_req202,(G ((classifier = 2) -> (((! dgt_7) & dgt_3) -> (OpState = 3)))),G((classifier = 2 ∧ dgt_3 ∧ ¬dgt_7) → OpState = 3),True
46/49,state_req203,(G ((classifier = 2) -> ((! dgt_3) -> (OpState = 3)))),G((classifier = 2 ∧ ¬dgt_3) → OpState = 3),True
46/50,classifier_assumption,(G (((classifier = 0) xor (classifier = 1)) xor (classifier = 2))),G((classifier = 0 ∨ classifier = 1 ∨ classifier = 2)),True
26/50,dtt assumption,(G ((! (classifier = 0)) -> (distance_to_target >= 0))),G(((classifier ≠ 0) → (distance_to_target ≥ 0))),True
48/50,operationalstate_0,(G ((OpState = 0) -> ((((! slowdown) & (! halt)) & (! alert)) & (! turnoffUVC)))),G(((OpState = 0) → (¬slowdown ∧ ¬halt ∧ ¬alert ∧ ¬turnoffUVC))),True
48/50,operationalstate_1,(G ((OpState = 1) -> ((((! slowdown) & (! halt)) & alert) & (! turnoffUVC)))),G(((OpState = 1) → (alert ∧ ¬slowdown ∧ ¬halt ∧ ¬turnoffUVC))),True
48/50,operationalstate_2,(G ((OpState = 2) -> (((slowdown & (! halt)) & alert) & (! turnoffUVC)))),G(((OpState = 2) → (slowdown ∧ alert ∧ ¬halt ∧ ¬turnoffUVC))),True
0/50,operationalstate_3,(G ((OpState = 3) -> ((((! slowdown) & halt) & alert) & turnoffUVC))),G((OpState = 3) -> (halt ∧ turnoffUVC ∧ ¬slowdown ∧ ¬alert)),False
50/50,state_req000,(G ((classifier = 0) -> (OpState = 0))),G((classifier = 0) -> (OpState = 0)),True
49/50,state_req101,(G ((classifier = 1) -> (dgt_7 -> (OpState = 1)))),G((classifier = 1 ∧ dgt_7) -> (OpState = 1)),True
48/50,state_req102,(G ((classifier = 1) -> (((! dgt_7) & dgt_3) -> (OpState = 2)))),G((classifier = 1 ∧ ¬dgt_7 ∧ dgt_3) -> (OpState = 2)),True
50/50,state_req103,(G ((classifier = 1) -> ((! dgt_3) -> (OpState = 3)))),G((classifier = 1 ∧ ¬dgt_3) -> (OpState = 3)),True
47/50,state_req201,(G ((classifier = 2) -> (dgt_7 -> (OpState = 2)))),G((classifier = 2 ∧ dgt_7) → (OpState = 2)),True
46/50,state_req202,(G ((classifier = 2) -> (((! dgt_7) & dgt_3) -> (OpState = 3)))),G((classifier = 2 ∧ ¬dgt_7 ∧ dgt_3) → (OpState = 3)),True
47/50,state_req203,(G ((classifier = 2) -> ((! dgt_3) -> (OpState = 3)))),G((classifier = 2 ∧ ¬dgt_3) → (OpState = 3)),True
47/51,classifier_assumption,(G (((classifier = 0) xor (classifier = 1)) xor (classifier = 2))),G(classifier=0 ∨ classifier=1 ∨ classifier=2),True
27/51,dtt assumption,(G ((! (classifier = 0)) -> (distance_to_target >= 0))),G(((classifier=1 ∨ classifier=2) → distance_to_target≥0)),True
49/51,operationalstate_0,(G ((OpState = 0) -> ((((! slowdown) & (! halt)) & (! alert)) & (! turnoffUVC)))),G((OpState=0) → (¬slowdown ∧ ¬halt ∧ ¬alert ∧ ¬turnoffUVC)),True
49/51,operationalstate_1,(G ((OpState = 1) -> ((((! slowdown) & (! halt)) & alert) & (! turnoffUVC)))),G((OpState=1) → (alert ∧ ¬slowdown ∧ ¬halt ∧ ¬turnoffUVC)),True
49/51,operationalstate_2,(G ((OpState = 2) -> (((slowdown & (! halt)) & alert) & (! turnoffUVC)))),G((OpState=2) → (slowdown ∧ alert ∧ ¬halt ∧ ¬turnoffUVC)),True
0/51,operationalstate_3,(G ((OpState = 3) -> ((((! slowdown) & halt) & alert) & turnoffUVC))),G((OpState = 3) -> (halt ∧ turnoffUVC ∧ ¬slowdown ∧ ¬alert)),False
51/51,state_req000,(G ((classifier = 0) -> (OpState = 0))),G((classifier = 0) -> (OpState = 0)),True
50/51,state_req101,(G ((classifier = 1) -> (dgt_7 -> (OpState = 1)))),G((classifier = 1 ∧ dgt_7) -> (OpState = 1)),True
49/51,state_req102,(G ((classifier = 1) -> (((! dgt_7) & dgt_3) -> (OpState = 2)))),G((classifier = 1 ∧ dgt_3 ∧ ¬dgt_7) -> (OpState = 2)),True
51/51,state_req103,(G ((classifier = 1) -> ((! dgt_3) -> (OpState = 3)))),G((classifier = 1 ∧ ¬dgt_3) -> (OpState = 3)),True
48/51,state_req201,(G ((classifier = 2) -> (dgt_7 -> (OpState = 2)))),G((classifier=2 ∧ dgt_7) → (OpState=2)),True
47/51,state_req202,(G ((classifier = 2) -> (((! dgt_7) & dgt_3) -> (OpState = 3)))),G((classifier=2 ∧ dgt_3 ∧ ¬dgt_7) → (OpState=3)),True
48/51,state_req203,(G ((classifier = 2) -> ((! dgt_3) -> (OpState = 3)))),G((classifier=2 ∧ ¬dgt_3) → (OpState=3)),True
48/52,classifier_assumption,(G (((classifier = 0) xor (classifier = 1)) xor (classifier = 2))),G(classifier = 0 ∨ classifier = 1 ∨ classifier = 2),True
28/52,dtt assumption,(G ((! (classifier = 0)) -> (distance_to_target >= 0))),G((classifier = 1 ∨ classifier = 2) → distance_to_target ≥ 0),True
50/52,operationalstate_0,(G ((OpState = 0) -> ((((! slowdown) & (! halt)) & (! alert)) & (! turnoffUVC)))),G((OpState = 0) → (¬slowdown ∧ ¬halt ∧ ¬alert ∧ ¬turnoffUVC)),True
50/52,operationalstate_1,(G ((OpState = 1) -> ((((! slowdown) & (! halt)) & alert) & (! turnoffUVC)))),G((OpState = 1) → (alert ∧ ¬slowdown ∧ ¬halt ∧ ¬turnoffUVC)),True
50/52,operationalstate_2,(G ((OpState = 2) -> (((slowdown & (! halt)) & alert) & (! turnoffUVC)))),G((OpState = 2) → (slowdown ∧ alert ∧ ¬halt ∧ ¬turnoffUVC)),True
0/52,operationalstate_3,(G ((OpState = 3) -> ((((! slowdown) & halt) & alert) & turnoffUVC))),G((OpState = 3) → (halt ∧ turnoffUVC ∧ ¬slowdown ∧ ¬alert)),False
52/52,state_req000,(G ((classifier = 0) -> (OpState = 0))),G((classifier = 0) → (OpState = 0)),True
51/52,state_req101,(G ((classifier = 1) -> (dgt_7 -> (OpState = 1)))),G(((classifier = 1) ∧ dgt_7) → (OpState = 1)),True
50/52,state_req102,(G ((classifier = 1) -> (((! dgt_7) & dgt_3) -> (OpState = 2)))),G(((classifier = 1) ∧ ¬dgt_7 ∧ dgt_3) → (OpState = 2)),True
52/52,state_req103,(G ((classifier = 1) -> ((! dgt_3) -> (OpState = 3)))),G(((classifier = 1) ∧ ¬dgt_3) → (OpState = 3)),True
49/52,state_req201,(G ((classifier = 2) -> (dgt_7 -> (OpState = 2)))),G((classifier = 2 ∧ dgt_7) → OpState = 2),True
48/52,state_req202,(G ((classifier = 2) -> (((! dgt_7) & dgt_3) -> (OpState = 3)))),G((classifier = 2 ∧ ¬dgt_7 ∧ dgt_3) → OpState = 3),True
49/52,state_req203,(G ((classifier = 2) -> ((! dgt_3) -> (OpState = 3)))),G((classifier = 2 ∧ ¬dgt_3) → OpState = 3),True
49/53,classifier_assumption,(G (((classifier = 0) xor (classifier = 1)) xor (classifier = 2))),G((classifier = 0) ∨ (classifier = 1) ∨ (classifier = 2)),True
29/53,dtt assumption,(G ((! (classifier = 0)) -> (distance_to_target >= 0))),G(((classifier = 1) ∨ (classifier = 2)) → (distance_to_target ≥ 0)),True
51/53,operationalstate_0,(G ((OpState = 0) -> ((((! slowdown) & (! halt)) & (! alert)) & (! turnoffUVC)))),G((OpState = 0) → (¬slowdown ∧ ¬halt ∧ ¬alert ∧ ¬turnoffUVC)),True
51/53,operationalstate_1,(G ((OpState = 1) -> ((((! slowdown) & (! halt)) & alert) & (! turnoffUVC)))),G((OpState = 1) → (alert ∧ ¬slowdown ∧ ¬halt ∧ ¬turnoffUVC)),True
51/53,operationalstate_2,(G ((OpState = 2) -> (((slowdown & (! halt)) & alert) & (! turnoffUVC)))),G((OpState = 2) → (slowdown ∧ alert ∧ ¬halt ∧ ¬turnoffUVC)),True
0/53,operationalstate_3,(G ((OpState = 3) -> ((((! slowdown) & halt) & alert) & turnoffUVC))),G((OpState = 3) → (halt ∧ turnoffUVC ∧ ¬slowdown ∧ ¬alert)),False
53/53,state_req000,(G ((classifier = 0) -> (OpState = 0))),G((classifier = 0) → (OpState = 0)),True
52/53,state_req101,(G ((classifier = 1) -> (dgt_7 -> (OpState = 1)))),G(((classifier = 1) ∧ dgt_7) → (OpState = 1)),True
51/53,state_req102,(G ((classifier = 1) -> (((! dgt_7) & dgt_3) -> (OpState = 2)))),G(((classifier = 1) ∧ ¬dgt_7 ∧ dgt_3) → (OpState = 2)),True
53/53,state_req103,(G ((classifier = 1) -> ((! dgt_3) -> (OpState = 3)))),G(((classifier = 1) ∧ ¬dgt_3) → (OpState = 3)),True
50/53,state_req201,(G ((classifier = 2) -> (dgt_7 -> (OpState = 2)))),G(((classifier=2 & dgt_7) → OpState=2)),True
49/53,state_req202,(G ((classifier = 2) -> (((! dgt_7) & dgt_3) -> (OpState = 3)))),G(((classifier=2 & dgt_3 & ¬dgt_7) → OpState=3)),True
50/53,state_req203,(G ((classifier = 2) -> ((! dgt_3) -> (OpState = 3)))),G(((classifier=2 & ¬dgt_3) → OpState=3)),True
50/54,classifier_assumption,(G (((classifier = 0) xor (classifier = 1)) xor (classifier = 2))),G(classifier = 0 ∨ classifier = 1 ∨ classifier = 2),True
30/54,dtt assumption,(G ((! (classifier = 0)) -> (distance_to_target >= 0))),G((classifier = 1 ∨ classifier = 2) → distance_to_target ≥ 0),True
52/54,operationalstate_0,(G ((OpState = 0) -> ((((! slowdown) & (! halt)) & (! alert)) & (! turnoffUVC)))),G((OpState = 0) → (¬slowdown ∧ ¬halt ∧ ¬alert ∧ ¬turnoffUVC)),True
52/54,operationalstate_1,(G ((OpState = 1) -> ((((! slowdown) & (! halt)) & alert) & (! turnoffUVC)))),G((OpState = 1) → (alert ∧ ¬slowdown ∧ ¬halt ∧ ¬turnoffUVC)),True
52/54,operationalstate_2,(G ((OpState = 2) -> (((slowdown & (! halt)) & alert) & (! turnoffUVC)))),G((OpState = 2) → (slowdown ∧ alert ∧ ¬halt ∧ ¬turnoffUVC)),True
0/54,operationalstate_3,(G ((OpState = 3) -> ((((! slowdown) & halt) & alert) & turnoffUVC))),G((OpState = 3) → (halt ∧ turnoffUVC ∧ ¬slowdown ∧ ¬alert)),False
54/54,state_req000,(G ((classifier = 0) -> (OpState = 0))),G((classifier = 0) → (OpState = 0)),True
53/54,state_req101,(G ((classifier = 1) -> (dgt_7 -> (OpState = 1)))),G(((classifier = 1) ∧ dgt_7) → (OpState = 1)),True
52/54,state_req102,(G ((classifier = 1) -> (((! dgt_7) & dgt_3) -> (OpState = 2)))),G(((classifier = 1) ∧ ¬dgt_7 ∧ dgt_3) → (OpState = 2)),True
54/54,state_req103,(G ((classifier = 1) -> ((! dgt_3) -> (OpState = 3)))),G(((classifier = 1) ∧ ¬dgt_3) → (OpState = 3)),True
51/54,state_req201,(G ((classifier = 2) -> (dgt_7 -> (OpState = 2)))),G((classifier = 2 ∧ dgt_7) → (OpState = 2)),True
50/54,state_req202,(G ((classifier = 2) -> (((! dgt_7) & dgt_3) -> (OpState = 3)))),G((classifier = 2 ∧ ¬dgt_7 ∧ dgt_3) → (OpState = 3)),True
51/54,state_req203,(G ((classifier = 2) -> ((! dgt_3) -> (OpState = 3)))),G((classifier = 2 ∧ ¬dgt_3) → (OpState = 3)),True
51/55,classifier_assumption,(G (((classifier = 0) xor (classifier = 1)) xor (classifier = 2))),G (classifier = 0 ∨ classifier = 1 ∨ classifier = 2),True
30/55,dtt assumption,(G ((! (classifier = 0)) -> (distance_to_target >= 0))),G ((classifier ≠ 0) → distance_to_target ≥ 0),True
53/55,operationalstate_0,(G ((OpState = 0) -> ((((! slowdown) & (! halt)) & (! alert)) & (! turnoffUVC)))),G ((OpState = 0) → (¬slowdown ∧ ¬halt ∧ ¬alert ∧ ¬turnoffUVC)),True
53/55,operationalstate_1,(G ((OpState = 1) -> ((((! slowdown) & (! halt)) & alert) & (! turnoffUVC)))),G ((OpState = 1) → (alert ∧ ¬slowdown ∧ ¬halt ∧ ¬turnoffUVC)),True
53/55,operationalstate_2,(G ((OpState = 2) -> (((slowdown & (! halt)) & alert) & (! turnoffUVC)))),G ((OpState = 2) → (slowdown ∧ alert ∧ ¬halt ∧ ¬turnoffUVC)),True
0/55,operationalstate_3,(G ((OpState = 3) -> ((((! slowdown) & halt) & alert) & turnoffUVC))),G((OpState = 3) → (halt ∧ turnoffUVC ∧ ¬slowdown ∧ ¬alert)),False
55/55,state_req000,(G ((classifier = 0) -> (OpState = 0))),G((classifier = 0) → (OpState = 0)),True
54/55,state_req101,(G ((classifier = 1) -> (dgt_7 -> (OpState = 1)))),G((classifier = 1 ∧ dgt_7) → (OpState = 1)),True
53/55,state_req102,(G ((classifier = 1) -> (((! dgt_7) & dgt_3) -> (OpState = 2)))),G((classifier = 1 ∧ ¬dgt_7 ∧ dgt_3) → (OpState = 2)),True
55/55,state_req103,(G ((classifier = 1) -> ((! dgt_3) -> (OpState = 3)))),G((classifier = 1 ∧ ¬dgt_3) → (OpState = 3)),True
52/55,state_req201,(G ((classifier = 2) -> (dgt_7 -> (OpState = 2)))),G((classifier = 2 ∧ dgt_7) → (OpState = 2)),True
51/55,state_req202,(G ((classifier = 2) -> (((! dgt_7) & dgt_3) -> (OpState = 3)))),G((classifier = 2 ∧ ¬dgt_7 ∧ dgt_3) → (OpState = 3)),True
52/55,state_req203,(G ((classifier = 2) -> ((! dgt_3) -> (OpState = 3)))),G((classifier = 2 ∧ ¬dgt_3) → (OpState = 3)),True
52/56,classifier_assumption,(G (((classifier = 0) xor (classifier = 1)) xor (classifier = 2))),G((classifier = 0) ∨ (classifier = 1) ∨ (classifier = 2)),True
31/56,dtt assumption,(G ((! (classifier = 0)) -> (distance_to_target >= 0))),G(((classifier = 1) ∨ (classifier = 2)) → (distance_to_target ≥ 0)),True
54/56,operationalstate_0,(G ((OpState = 0) -> ((((! slowdown) & (! halt)) & (! alert)) & (! turnoffUVC)))),G((OpState = 0) → (¬slowdown ∧ ¬halt ∧ ¬alert ∧ ¬turnoffUVC)),True
54/56,operationalstate_1,(G ((OpState = 1) -> ((((! slowdown) & (! halt)) & alert) & (! turnoffUVC)))),G((OpState = 1) → (alert ∧ ¬slowdown ∧ ¬halt ∧ ¬turnoffUVC)),True
54/56,operationalstate_2,(G ((OpState = 2) -> (((slowdown & (! halt)) & alert) & (! turnoffUVC)))),G((OpState = 2) → (slowdown ∧ alert ∧ ¬halt ∧ ¬turnoffUVC)),True
0/56,operationalstate_3,(G ((OpState = 3) -> ((((! slowdown) & halt) & alert) & turnoffUVC))),G((OpState = 3) → (halt ∧ turnoffUVC ∧ ¬slowdown ∧ ¬alert)),False
56/56,state_req000,(G ((classifier = 0) -> (OpState = 0))),G((classifier = 0) → (OpState = 0)),True
55/56,state_req101,(G ((classifier = 1) -> (dgt_7 -> (OpState = 1)))),G(((classifier = 1) ∧ dgt_7) → (OpState = 1)),True
54/56,state_req102,(G ((classifier = 1) -> (((! dgt_7) & dgt_3) -> (OpState = 2)))),G(((classifier = 1) ∧ ¬dgt_7 ∧ dgt_3) → (OpState = 2)),True
56/56,state_req103,(G ((classifier = 1) -> ((! dgt_3) -> (OpState = 3)))),G(((classifier = 1) ∧ ¬dgt_3) → (OpState = 3)),True
52/56,state_req201,(G ((classifier = 2) -> (dgt_7 -> (OpState = 2)))),(dgt_7 S (classifier = 2 → OpState = 2)),False
51/56,state_req202,(G ((classifier = 2) -> (((! dgt_7) & dgt_3) -> (OpState = 3)))),((dgt_3 ∧ ¬dgt_7) S (classifier = 2 → OpState = 3)),False
52/56,state_req203,(G ((classifier = 2) -> ((! dgt_3) -> (OpState = 3)))),((¬dgt_3) S (classifier = 2 → OpState = 3)),False
53/57,classifier_assumption,(G (((classifier = 0) xor (classifier = 1)) xor (classifier = 2))),G((classifier = 0) ∨ (classifier = 1) ∨ (classifier = 2)),True
32/57,dtt assumption,(G ((! (classifier = 0)) -> (distance_to_target >= 0))),G(((classifier = 1) ∨ (classifier = 2)) → (distance_to_target ≥ 0)),True
55/57,operationalstate_0,(G ((OpState = 0) -> ((((! slowdown) & (! halt)) & (! alert)) & (! turnoffUVC)))),G((OpState = 0) → (¬slowdown ∧ ¬halt ∧ ¬alert ∧ ¬turnoffUVC)),True
55/57,operationalstate_1,(G ((OpState = 1) -> ((((! slowdown) & (! halt)) & alert) & (! turnoffUVC)))),G((OpState = 1) → (alert ∧ ¬slowdown ∧ ¬halt ∧ ¬turnoffUVC)),True
55/57,operationalstate_2,(G ((OpState = 2) -> (((slowdown & (! halt)) & alert) & (! turnoffUVC)))),G((OpState = 2) → (slowdown ∧ alert ∧ ¬halt ∧ ¬turnoffUVC)),True
0/57,operationalstate_3,(G ((OpState = 3) -> ((((! slowdown) & halt) & alert) & turnoffUVC))),G((OpState = 3) → (halt ∧ turnoffUVC ∧ ¬slowdown ∧ ¬alert)),False
57/57,state_req000,(G ((classifier = 0) -> (OpState = 0))),G((classifier = 0) → (OpState = 0)),True
56/57,state_req101,(G ((classifier = 1) -> (dgt_7 -> (OpState = 1)))),G(((classifier = 1) ∧ dgt_7) → (OpState = 1)),True
55/57,state_req102,(G ((classifier = 1) -> (((! dgt_7) & dgt_3) -> (OpState = 2)))),G(((classifier = 1) ∧ ¬dgt_7 ∧ dgt_3) → (OpState = 2)),True
57/57,state_req103,(G ((classifier = 1) -> ((! dgt_3) -> (OpState = 3)))),G(((classifier = 1) ∧ ¬dgt_3) → (OpState = 3)),True
53/57,state_req201,(G ((classifier = 2) -> (dgt_7 -> (OpState = 2)))),G((classifier = 2 ∧ dgt_7) → OpState = 2),True
52/57,state_req202,(G ((classifier = 2) -> (((! dgt_7) & dgt_3) -> (OpState = 3)))),G((classifier = 2 ∧ dgt_3 ∧ ¬dgt_7) → OpState = 3),True
53/57,state_req203,(G ((classifier = 2) -> ((! dgt_3) -> (OpState = 3)))),G((classifier = 2 ∧ ¬dgt_3) → OpState = 3),True
53/58,classifier_assumption,(G (((classifier = 0) xor (classifier = 1)) xor (classifier = 2))),G(classifier = 0 or classifier = 1 or classifier = 2),
32/58,dtt assumption,(G ((! (classifier = 0)) -> (distance_to_target >= 0))),G((classifier = 1 or classifier = 2) → (distance_to_target ≥ 0)),
56/58,operationalstate_0,(G ((OpState = 0) -> ((((! slowdown) & (! halt)) & (! alert)) & (! turnoffUVC)))),G((OpState = 0) → (¬slowdown ∧ ¬halt ∧ ¬alert ∧ ¬turnoffUVC)),True
56/58,operationalstate_1,(G ((OpState = 1) -> ((((! slowdown) & (! halt)) & alert) & (! turnoffUVC)))),G((OpState = 1) → (alert ∧ ¬slowdown ∧ ¬halt ∧ ¬turnoffUVC)),True
56/58,operationalstate_2,(G ((OpState = 2) -> (((slowdown & (! halt)) & alert) & (! turnoffUVC)))),G((OpState = 2) → (alert ∧ slowdown ∧ ¬halt ∧ ¬turnoffUVC)),True
0/58,operationalstate_3,(G ((OpState = 3) -> ((((! slowdown) & halt) & alert) & turnoffUVC))),(OpState = 3) -> G((halt ∧ turnoffUVC ∧ ¬slowdown ∧ ¬alert)),False
58/58,state_req000,(G ((classifier = 0) -> (OpState = 0))),(classifier = 0) -> G(OpState = 0),False
57/58,state_req101,(G ((classifier = 1) -> (dgt_7 -> (OpState = 1)))),((classifier = 1) ∧ dgt_7) -> G(OpState = 1),False
56/58,state_req102,(G ((classifier = 1) -> (((! dgt_7) & dgt_3) -> (OpState = 2)))),((classifier = 1) ∧ ¬dgt_7 ∧ dgt_3) -> G(OpState = 2),False
58/58,state_req103,(G ((classifier = 1) -> ((! dgt_3) -> (OpState = 3)))),((classifier = 1) ∧ ¬dgt_3) -> G(OpState = 3),False
54/58,state_req201,(G ((classifier = 2) -> (dgt_7 -> (OpState = 2)))),G((classifier = 2 ∧ dgt_7) → OpState = 2),True
53/58,state_req202,(G ((classifier = 2) -> (((! dgt_7) & dgt_3) -> (OpState = 3)))),G((classifier = 2 ∧ dgt_3 ∧ ¬dgt_7) → OpState = 3),True
54/58,state_req203,(G ((classifier = 2) -> ((! dgt_3) -> (OpState = 3)))),G((classifier = 2 ∧ ¬dgt_3) → OpState = 3),True
53/59,classifier_assumption,(G (((classifier = 0) xor (classifier = 1)) xor (classifier = 2))),G(classifier = 0 or classifier = 1 or classifier = 2),
32/59,dtt assumption,(G ((! (classifier = 0)) -> (distance_to_target >= 0))),G((classifier = 1 or classifier = 2) -> distance_to_target >= 0),
56/59,operationalstate_0,(G ((OpState = 0) -> ((((! slowdown) & (! halt)) & (! alert)) & (! turnoffUVC)))),G((OpState = 0) -> (not slowdown and not halt and not alert and not turnoffUVC)),
56/59,operationalstate_1,(G ((OpState = 1) -> ((((! slowdown) & (! halt)) & alert) & (! turnoffUVC)))),G((OpState = 1) -> (alert and not slowdown and not halt and not turnoffUVC)),
56/59,operationalstate_2,(G ((OpState = 2) -> (((slowdown & (! halt)) & alert) & (! turnoffUVC)))),G((OpState = 2) -> (slowdown and alert and not halt and not turnoffUVC)),
0/59,operationalstate_3,(G ((OpState = 3) -> ((((! slowdown) & halt) & alert) & turnoffUVC))),G((OpState = 3) → (halt ∧ turnoffUVC ∧ ¬slowdown ∧ ¬alert)),False
59/59,state_req000,(G ((classifier = 0) -> (OpState = 0))),G((classifier = 0) → (OpState = 0)),True
58/59,state_req101,(G ((classifier = 1) -> (dgt_7 -> (OpState = 1)))),G(((classifier = 1) ∧ dgt_7) → (OpState = 1)),True
57/59,state_req102,(G ((classifier = 1) -> (((! dgt_7) & dgt_3) -> (OpState = 2)))),G(((classifier = 1) ∧ ¬dgt_7 ∧ dgt_3) → (OpState = 2)),True
59/59,state_req103,(G ((classifier = 1) -> ((! dgt_3) -> (OpState = 3)))),G(((classifier = 1) ∧ ¬dgt_3) → (OpState = 3)),True
55/59,state_req201,(G ((classifier = 2) -> (dgt_7 -> (OpState = 2)))),G((classifier = 2 ∧ dgt_7) → (OpState = 2)),True
54/59,state_req202,(G ((classifier = 2) -> (((! dgt_7) & dgt_3) -> (OpState = 3)))),G((classifier = 2 ∧ ¬dgt_7 ∧ dgt_3) → (OpState = 3)),True
55/59,state_req203,(G ((classifier = 2) -> ((! dgt_3) -> (OpState = 3)))),G((classifier = 2 ∧ ¬dgt_3) → (OpState = 3)),True
54/60,classifier_assumption,(G (((classifier = 0) xor (classifier = 1)) xor (classifier = 2))),G(classifier = 0 ∨ classifier = 1 ∨ classifier = 2),True
33/60,dtt assumption,(G ((! (classifier = 0)) -> (distance_to_target >= 0))),G(((classifier = 1 ∨ classifier = 2) → distance_to_target ≥ 0)),True
57/60,operationalstate_0,(G ((OpState = 0) -> ((((! slowdown) & (! halt)) & (! alert)) & (! turnoffUVC)))),G(((OpState = 0) → (¬slowdown ∧ ¬halt ∧ ¬alert ∧ ¬turnoffUVC))),True
57/60,operationalstate_1,(G ((OpState = 1) -> ((((! slowdown) & (! halt)) & alert) & (! turnoffUVC)))),G(((OpState = 1) → (alert ∧ ¬slowdown ∧ ¬halt ∧ ¬turnoffUVC))),True
57/60,operationalstate_2,(G ((OpState = 2) -> (((slowdown & (! halt)) & alert) & (! turnoffUVC)))),G(((OpState = 2) → (slowdown ∧ alert ∧ ¬halt ∧ ¬turnoffUVC))),True
0/60,operationalstate_3,(G ((OpState = 3) -> ((((! slowdown) & halt) & alert) & turnoffUVC))),G(OpState = 3 → (halt ∧ turnoffUVC ∧ ¬slowdown ∧ ¬alert)),False
60/60,state_req000,(G ((classifier = 0) -> (OpState = 0))),G(classifier = 0 → OpState = 0),True
59/60,state_req101,(G ((classifier = 1) -> (dgt_7 -> (OpState = 1)))),G((classifier = 1 ∧ dgt_7) → OpState = 1),True
58/60,state_req102,(G ((classifier = 1) -> (((! dgt_7) & dgt_3) -> (OpState = 2)))),G((classifier = 1 ∧ ¬dgt_7 ∧ dgt_3) → OpState = 2),True
60/60,state_req103,(G ((classifier = 1) -> ((! dgt_3) -> (OpState = 3)))),G((classifier = 1 ∧ ¬dgt_3) → OpState = 3),True
56/60,state_req201,(G ((classifier = 2) -> (dgt_7 -> (OpState = 2)))),((classifier = 2) ∧ dgt_7) → OpState = 2,False
55/60,state_req202,(G ((classifier = 2) -> (((! dgt_7) & dgt_3) -> (OpState = 3)))),((classifier = 2) ∧ ¬dgt_7 ∧ dgt_3) → OpState = 3,False
56/60,state_req203,(G ((classifier = 2) -> ((! dgt_3) -> (OpState = 3)))),((classifier = 2) ∧ ¬dgt_3) → OpState = 3,False
55/61,classifier_assumption,(G (((classifier = 0) xor (classifier = 1)) xor (classifier = 2))),G((classifier=0)∨(classifier=1)∨(classifier=2)),True
34/61,dtt assumption,(G ((! (classifier = 0)) -> (distance_to_target >= 0))),G(((classifier!=0)→(distance_to_target≥0))),True
58/61,operationalstate_0,(G ((OpState = 0) -> ((((! slowdown) & (! halt)) & (! alert)) & (! turnoffUVC)))),G(((OpState=0)→(¬slowdown∧¬halt∧¬alert∧¬turnoffUVC))),True
58/61,operationalstate_1,(G ((OpState = 1) -> ((((! slowdown) & (! halt)) & alert) & (! turnoffUVC)))),G(((OpState=1)→(alert∧¬slowdown∧¬halt∧¬turnoffUVC))),True
58/61,operationalstate_2,(G ((OpState = 2) -> (((slowdown & (! halt)) & alert) & (! turnoffUVC)))),G(((OpState=2)→(slowdown∧alert∧¬halt∧¬turnoffUVC))),True
0/61,operationalstate_3,(G ((OpState = 3) -> ((((! slowdown) & halt) & alert) & turnoffUVC))),G((OpState = 3) → (halt ∧ turnoffUVC ∧ ¬slowdown ∧ ¬alert)),False
61/61,state_req000,(G ((classifier = 0) -> (OpState = 0))),G((classifier = 0) → (OpState = 0)),True
60/61,state_req101,(G ((classifier = 1) -> (dgt_7 -> (OpState = 1)))),G(((classifier = 1) ∧ dgt_7) → (OpState = 1)),True
59/61,state_req102,(G ((classifier = 1) -> (((! dgt_7) & dgt_3) -> (OpState = 2)))),G(((classifier = 1) ∧ ¬dgt_7 ∧ dgt_3) → (OpState = 2)),True
61/61,state_req103,(G ((classifier = 1) -> ((! dgt_3) -> (OpState = 3)))),G(((classifier = 1) ∧ ¬dgt_3) → (OpState = 3)),True
57/61,state_req201,(G ((classifier = 2) -> (dgt_7 -> (OpState = 2)))),G( (classifier = 2 ∧ dgt_7) → (OpState = 2) ),True
56/61,state_req202,(G ((classifier = 2) -> (((! dgt_7) & dgt_3) -> (OpState = 3)))),G( (classifier = 2 ∧ dgt_3 ∧ ¬dgt_7) → (OpState = 3) ),True
57/61,state_req203,(G ((classifier = 2) -> ((! dgt_3) -> (OpState = 3)))),G( (classifier = 2 ∧ ¬dgt_3) → (OpState = 3) ),True
56/62,classifier_assumption,(G (((classifier = 0) xor (classifier = 1)) xor (classifier = 2))),G(classifier = 0 ∨ classifier = 1 ∨ classifier = 2),True
34/62,dtt assumption,(G ((! (classifier = 0)) -> (distance_to_target >= 0))),G((classifier ≠ 0) → (distance_to_target ≥ 0)),True
59/62,operationalstate_0,(G ((OpState = 0) -> ((((! slowdown) & (! halt)) & (! alert)) & (! turnoffUVC)))),G((OpState = 0) → (¬slowdown ∧ ¬halt ∧ ¬alert ∧ ¬turnoffUVC)),True
59/62,operationalstate_1,(G ((OpState = 1) -> ((((! slowdown) & (! halt)) & alert) & (! turnoffUVC)))),G((OpState = 1) → (alert ∧ ¬slowdown ∧ ¬halt ∧ ¬turnoffUVC)),True
59/62,operationalstate_2,(G ((OpState = 2) -> (((slowdown & (! halt)) & alert) & (! turnoffUVC)))),G((OpState = 2) → (slowdown ∧ alert ∧ ¬halt ∧ ¬turnoffUVC)),True
0/62,operationalstate_3,(G ((OpState = 3) -> ((((! slowdown) & halt) & alert) & turnoffUVC))),(G((OpState = 3) → (halt ∧ turnoffUVC ∧ ¬slowdown ∧ ¬alert))),False
62/62,state_req000,(G ((classifier = 0) -> (OpState = 0))),(G((classifier = 0) → (OpState = 0))),True
61/62,state_req101,(G ((classifier = 1) -> (dgt_7 -> (OpState = 1)))),(G(((classifier = 1) ∧ dgt_7) → (OpState = 1))),True
60/62,state_req102,(G ((classifier = 1) -> (((! dgt_7) & dgt_3) -> (OpState = 2)))),(G(((classifier = 1) ∧ ¬dgt_7 ∧ dgt_3) → (OpState = 2))),True
62/62,state_req103,(G ((classifier = 1) -> ((! dgt_3) -> (OpState = 3)))),(G(((classifier = 1) ∧ ¬dgt_3) → (OpState = 3))),True
58/62,state_req201,(G ((classifier = 2) -> (dgt_7 -> (OpState = 2)))),G((classifier = 2 ∧ dgt_7) → (OpState = 2)),True
57/62,state_req202,(G ((classifier = 2) -> (((! dgt_7) & dgt_3) -> (OpState = 3)))),G((classifier = 2 ∧ ¬dgt_7 ∧ dgt_3) → (OpState = 3)),True
58/62,state_req203,(G ((classifier = 2) -> ((! dgt_3) -> (OpState = 3)))),G((classifier = 2 ∧ ¬dgt_3) → (OpState = 3)),True
56/63,classifier_assumption,(G (((classifier = 0) xor (classifier = 1)) xor (classifier = 2))),G(classifier=0 or classifier=1 or classifier=2),
34/63,dtt assumption,(G ((! (classifier = 0)) -> (distance_to_target >= 0))),G(((classifier=1 or classifier=2) -> distance_to_target>=0)),
60/63,operationalstate_0,(G ((OpState = 0) -> ((((! slowdown) & (! halt)) & (! alert)) & (! turnoffUVC)))),G((OpState=0) -> (¬slowdown ∧ ¬halt ∧ ¬alert ∧ ¬turnoffUVC)),True
60/63,operationalstate_1,(G ((OpState = 1) -> ((((! slowdown) & (! halt)) & alert) & (! turnoffUVC)))),G((OpState=1) -> (alert ∧ ¬slowdown ∧ ¬halt ∧ ¬turnoffUVC)),True
60/63,operationalstate_2,(G ((OpState = 2) -> (((slowdown & (! halt)) & alert) & (! turnoffUVC)))),G((OpState=2) -> ((slowdown ∧ alert) ∧ ¬halt ∧ ¬turnoffUVC)),True
0/63,operationalstate_3,(G ((OpState = 3) -> ((((! slowdown) & halt) & alert) & turnoffUVC))),G((OpState = 3) → (halt ∧ turnoffUVC ∧ ¬slowdown ∧ ¬alert)),False
63/63,state_req000,(G ((classifier = 0) -> (OpState = 0))),G((classifier = 0) → (OpState = 0)),True
62/63,state_req101,(G ((classifier = 1) -> (dgt_7 -> (OpState = 1)))),G((classifier = 1 ∧ dgt_7) → (OpState = 1)),True
61/63,state_req102,(G ((classifier = 1) -> (((! dgt_7) & dgt_3) -> (OpState = 2)))),G((classifier = 1 ∧ dgt_3 ∧ ¬dgt_7) → (OpState = 2)),True
63/63,state_req103,(G ((classifier = 1) -> ((! dgt_3) -> (OpState = 3)))),G((classifier = 1 ∧ ¬dgt_3) → (OpState = 3)),True
59/63,state_req201,(G ((classifier = 2) -> (dgt_7 -> (OpState = 2)))),G((classifier = 2 ∧ dgt_7) → OpState = 2),True
58/63,state_req202,(G ((classifier = 2) -> (((! dgt_7) & dgt_3) -> (OpState = 3)))),G((classifier = 2 ∧ dgt_3 ∧ ¬dgt_7) → OpState = 3),True
59/63,state_req203,(G ((classifier = 2) -> ((! dgt_3) -> (OpState = 3)))),G((classifier = 2 ∧ ¬dgt_3) → OpState = 3),True
57/64,classifier_assumption,(G (((classifier = 0) xor (classifier = 1)) xor (classifier = 2))),G((classifier = 0) ∨ (classifier = 1) ∨ (classifier = 2)),True
35/64,dtt assumption,(G ((! (classifier = 0)) -> (distance_to_target >= 0))),G(((classifier = 1) ∨ (classifier = 2)) → (distance_to_target ≥ 0)),True
61/64,operationalstate_0,(G ((OpState = 0) -> ((((! slowdown) & (! halt)) & (! alert)) & (! turnoffUVC)))),G((OpState = 0) → (¬slowdown ∧ ¬halt ∧ ¬alert ∧ ¬turnoffUVC)),True
61/64,operationalstate_1,(G ((OpState = 1) -> ((((! slowdown) & (! halt)) & alert) & (! turnoffUVC)))),G((OpState = 1) → (alert ∧ ¬slowdown ∧ ¬halt ∧ ¬turnoffUVC)),True
61/64,operationalstate_2,(G ((OpState = 2) -> (((slowdown & (! halt)) & alert) & (! turnoffUVC)))),G((OpState = 2) → (slowdown ∧ alert ∧ ¬halt ∧ ¬turnoffUVC)),True
0/64,operationalstate_3,(G ((OpState = 3) -> ((((! slowdown) & halt) & alert) & turnoffUVC))),G((OpState=3) → (halt ∧ turnoffUVC ∧ ¬slowdown ∧ ¬alert)),False
64/64,state_req000,(G ((classifier = 0) -> (OpState = 0))),G((classifier=0) → (OpState=0)),True
63/64,state_req101,(G ((classifier = 1) -> (dgt_7 -> (OpState = 1)))),G((classifier=1 ∧ dgt_7) → (OpState=1)),True
62/64,state_req102,(G ((classifier = 1) -> (((! dgt_7) & dgt_3) -> (OpState = 2)))),G((classifier=1 ∧ dgt_3 ∧ ¬dgt_7) → (OpState=2)),True
64/64,state_req103,(G ((classifier = 1) -> ((! dgt_3) -> (OpState = 3)))),G((classifier=1 ∧ ¬dgt_3) → (OpState=3)),True
60/64,state_req201,(G ((classifier = 2) -> (dgt_7 -> (OpState = 2)))),G((classifier = 2 ∧ dgt_7) → (OpState = 2)),True
59/64,state_req202,(G ((classifier = 2) -> (((! dgt_7) & dgt_3) -> (OpState = 3)))),G((classifier = 2 ∧ dgt_3 ∧ ¬dgt_7) → (OpState = 3)),True
60/64,state_req203,(G ((classifier = 2) -> ((! dgt_3) -> (OpState = 3)))),G((classifier = 2 ∧ ¬dgt_3) → (OpState = 3)),True
57/65,classifier_assumption,(G (((classifier = 0) xor (classifier = 1)) xor (classifier = 2))),G(classifier = 0 or classifier = 1 or classifier = 2),
35/65,dtt assumption,(G ((! (classifier = 0)) -> (distance_to_target >= 0))),G(((classifier = 1 or classifier = 2) → distance_to_target ≥ 0)),
62/65,operationalstate_0,(G ((OpState = 0) -> ((((! slowdown) & (! halt)) & (! alert)) & (! turnoffUVC)))),G((OpState = 0) → ¬slowdown ∧ ¬halt ∧ ¬alert ∧ ¬turnoffUVC),True
62/65,operationalstate_1,(G ((OpState = 1) -> ((((! slowdown) & (! halt)) & alert) & (! turnoffUVC)))),G((OpState = 1) → alert ∧ ¬slowdown ∧ ¬halt ∧ ¬turnoffUVC),True
62/65,operationalstate_2,(G ((OpState = 2) -> (((slowdown & (! halt)) & alert) & (! turnoffUVC)))),G((OpState = 2) → slowdown ∧ alert ∧ ¬halt ∧ ¬turnoffUVC),True
0/65,operationalstate_3,(G ((OpState = 3) -> ((((! slowdown) & halt) & alert) & turnoffUVC))),G((OpState = 3) -> (halt ∧ turnoffUVC ∧ ¬slowdown ∧ ¬alert)),False
65/65,state_req000,(G ((classifier = 0) -> (OpState = 0))),G((classifier = 0) -> (OpState = 0)),True
64/65,state_req101,(G ((classifier = 1) -> (dgt_7 -> (OpState = 1)))),G(((classifier = 1) ∧ dgt_7) -> (OpState = 1)),True
63/65,state_req102,(G ((classifier = 1) -> (((! dgt_7) & dgt_3) -> (OpState = 2)))),G(((classifier = 1) ∧ ¬dgt_7 ∧ dgt_3) -> (OpState = 2)),True
65/65,state_req103,(G ((classifier = 1) -> ((! dgt_3) -> (OpState = 3)))),G(((classifier = 1) ∧ ¬dgt_3) -> (OpState = 3)),True
61/65,state_req201,(G ((classifier = 2) -> (dgt_7 -> (OpState = 2)))),G((classifier = 2 ∧ dgt_7) → (OpState = 2)),True
60/65,state_req202,(G ((classifier = 2) -> (((! dgt_7) & dgt_3) -> (OpState = 3)))),G((classifier = 2 ∧ dgt_3 ∧ ¬dgt_7) → (OpState = 3)),True
61/65,state_req203,(G ((classifier = 2) -> ((! dgt_3) -> (OpState = 3)))),G((classifier = 2 ∧ ¬dgt_3) → (OpState = 3)),True
58/66,classifier_assumption,(G (((classifier = 0) xor (classifier = 1)) xor (classifier = 2))),G(classifier = 0 ∨ classifier = 1 ∨ classifier = 2),True
36/66,dtt assumption,(G ((! (classifier = 0)) -> (distance_to_target >= 0))),G((classifier = 1 ∨ classifier = 2) → distance_to_target ≥ 0),True
63/66,operationalstate_0,(G ((OpState = 0) -> ((((! slowdown) & (! halt)) & (! alert)) & (! turnoffUVC)))),G((OpState = 0) → (¬slowdown ∧ ¬halt ∧ ¬alert ∧ ¬turnoffUVC)),True
63/66,operationalstate_1,(G ((OpState = 1) -> ((((! slowdown) & (! halt)) & alert) & (! turnoffUVC)))),G((OpState = 1) → (alert ∧ ¬slowdown ∧ ¬halt ∧ ¬turnoffUVC)),True
63/66,operationalstate_2,(G ((OpState = 2) -> (((slowdown & (! halt)) & alert) & (! turnoffUVC)))),G((OpState = 2) → (slowdown ∧ alert ∧ ¬halt ∧ ¬turnoffUVC)),True
0/66,operationalstate_3,(G ((OpState = 3) -> ((((! slowdown) & halt) & alert) & turnoffUVC))),G((OpState = 3) → (halt ∧ turnoffUVC ∧ ¬slowdown ∧ ¬alert)),False
66/66,state_req000,(G ((classifier = 0) -> (OpState = 0))),G((classifier = 0) → (OpState = 0)),True
65/66,state_req101,(G ((classifier = 1) -> (dgt_7 -> (OpState = 1)))),G(((classifier = 1) ∧ dgt_7) → (OpState = 1)),True
64/66,state_req102,(G ((classifier = 1) -> (((! dgt_7) & dgt_3) -> (OpState = 2)))),G(((classifier = 1) ∧ dgt_3 ∧ ¬dgt_7) → (OpState = 2)),True
66/66,state_req103,(G ((classifier = 1) -> ((! dgt_3) -> (OpState = 3)))),G(((classifier = 1) ∧ ¬dgt_3) → (OpState = 3)),True
62/66,state_req201,(G ((classifier = 2) -> (dgt_7 -> (OpState = 2)))),G((classifier=2 ∧ dgt_7) → OpState=2),True
61/66,state_req202,(G ((classifier = 2) -> (((! dgt_7) & dgt_3) -> (OpState = 3)))),G((classifier=2 ∧ ¬dgt_7 ∧ dgt_3) → OpState=3),True
62/66,state_req203,(G ((classifier = 2) -> ((! dgt_3) -> (OpState = 3)))),G((classifier=2 ∧ ¬dgt_3) → OpState=3),True
59/67,classifier_assumption,(G (((classifier = 0) xor (classifier = 1)) xor (classifier = 2))),G(classifier = 0 ∨ classifier = 1 ∨ classifier = 2),True
37/67,dtt assumption,(G ((! (classifier = 0)) -> (distance_to_target >= 0))),G(((classifier = 1 ∨ classifier = 2) → distance_to_target ≥ 0)),True
64/67,operationalstate_0,(G ((OpState = 0) -> ((((! slowdown) & (! halt)) & (! alert)) & (! turnoffUVC)))),G((OpState = 0) → (¬slowdown ∧ ¬halt ∧ ¬alert ∧ ¬turnoffUVC)),True
64/67,operationalstate_1,(G ((OpState = 1) -> ((((! slowdown) & (! halt)) & alert) & (! turnoffUVC)))),G((OpState = 1) → (alert ∧ ¬slowdown ∧ ¬halt ∧ ¬turnoffUVC)),True
64/67,operationalstate_2,(G ((OpState = 2) -> (((slowdown & (! halt)) & alert) & (! turnoffUVC)))),G((OpState = 2) → (slowdown ∧ alert ∧ ¬halt ∧ ¬turnoffUVC)),True
0/67,operationalstate_3,(G ((OpState = 3) -> ((((! slowdown) & halt) & alert) & turnoffUVC))),G((OpState = 3) → (halt ∧ turnoffUVC ∧ ¬slowdown ∧ ¬alert)),False
67/67,state_req000,(G ((classifier = 0) -> (OpState = 0))),G((classifier = 0) → (OpState = 0)),True
66/67,state_req101,(G ((classifier = 1) -> (dgt_7 -> (OpState = 1)))),G((classifier = 1 ∧ dgt_7) → (OpState = 1)),True
65/67,state_req102,(G ((classifier = 1) -> (((! dgt_7) & dgt_3) -> (OpState = 2)))),G((classifier = 1 ∧ dgt_3 ∧ ¬dgt_7) → (OpState = 2)),True
67/67,state_req103,(G ((classifier = 1) -> ((! dgt_3) -> (OpState = 3)))),G((classifier = 1 ∧ ¬dgt_3) → (OpState = 3)),True
63/67,state_req201,(G ((classifier = 2) -> (dgt_7 -> (OpState = 2)))),G((classifier = 2 ∧ dgt_7) → (OpState = 2)),True
62/67,state_req202,(G ((classifier = 2) -> (((! dgt_7) & dgt_3) -> (OpState = 3)))),G((classifier = 2 ∧ dgt_3 ∧ ¬dgt_7) → (OpState = 3)),True
63/67,state_req203,(G ((classifier = 2) -> ((! dgt_3) -> (OpState = 3)))),G((classifier = 2 ∧ ¬dgt_3) → (OpState = 3)),True
60/68,classifier_assumption,(G (((classifier = 0) xor (classifier = 1)) xor (classifier = 2))),G (classifier = 0 ∨ classifier = 1 ∨ classifier = 2),True
38/68,dtt assumption,(G ((! (classifier = 0)) -> (distance_to_target >= 0))),G (((classifier = 1 ∨ classifier = 2) → distance_to_target ≥ 0)),True
65/68,operationalstate_0,(G ((OpState = 0) -> ((((! slowdown) & (! halt)) & (! alert)) & (! turnoffUVC)))),G ((OpState = 0) → (¬slowdown ∧ ¬halt ∧ ¬alert ∧ ¬turnoffUVC)),True
65/68,operationalstate_1,(G ((OpState = 1) -> ((((! slowdown) & (! halt)) & alert) & (! turnoffUVC)))),G ((OpState = 1) → (alert ∧ ¬slowdown ∧ ¬halt ∧ ¬turnoffUVC)),True
65/68,operationalstate_2,(G ((OpState = 2) -> (((slowdown & (! halt)) & alert) & (! turnoffUVC)))),G ((OpState = 2) → (slowdown ∧ alert ∧ ¬halt ∧ ¬turnoffUVC)),True
0/68,operationalstate_3,(G ((OpState = 3) -> ((((! slowdown) & halt) & alert) & turnoffUVC))),G((OpState = 3) -> (halt ∧ turnoffUVC ∧ ¬slowdown ∧ ¬alert)),False
68/68,state_req000,(G ((classifier = 0) -> (OpState = 0))),G((classifier = 0) -> (OpState = 0)),True
67/68,state_req101,(G ((classifier = 1) -> (dgt_7 -> (OpState = 1)))),G(((classifier = 1) ∧ dgt_7) -> (OpState = 1)),True
66/68,state_req102,(G ((classifier = 1) -> (((! dgt_7) & dgt_3) -> (OpState = 2)))),G(((classifier = 1) ∧ ¬dgt_7 ∧ dgt_3) -> (OpState = 2)),True
68/68,state_req103,(G ((classifier = 1) -> ((! dgt_3) -> (OpState = 3)))),G(((classifier = 1) ∧ ¬dgt_3) -> (OpState = 3)),True
64/68,state_req201,(G ((classifier = 2) -> (dgt_7 -> (OpState = 2)))),G((classifier = 2 ∧ dgt_7) → OpState = 2),True
63/68,state_req202,(G ((classifier = 2) -> (((! dgt_7) & dgt_3) -> (OpState = 3)))),G((classifier = 2 ∧ ¬dgt_7 ∧ dgt_3) → OpState = 3),True
64/68,state_req203,(G ((classifier = 2) -> ((! dgt_3) -> (OpState = 3)))),G((classifier = 2 ∧ ¬dgt_3) → OpState = 3),True
61/69,classifier_assumption,(G (((classifier = 0) xor (classifier = 1)) xor (classifier = 2))),G((classifier = 0 ∨ classifier = 1 ∨ classifier = 2)),True
39/69,dtt assumption,(G ((! (classifier = 0)) -> (distance_to_target >= 0))),G(((classifier = 1 ∨ classifier = 2) → distance_to_target ≥ 0)),True
66/69,operationalstate_0,(G ((OpState = 0) -> ((((! slowdown) & (! halt)) & (! alert)) & (! turnoffUVC)))),G((OpState = 0 → ¬slowdown ∧ ¬halt ∧ ¬alert ∧ ¬turnoffUVC)),True
66/69,operationalstate_1,(G ((OpState = 1) -> ((((! slowdown) & (! halt)) & alert) & (! turnoffUVC)))),G((OpState = 1 → alert ∧ ¬slowdown ∧ ¬halt ∧ ¬turnoffUVC)),True
66/69,operationalstate_2,(G ((OpState = 2) -> (((slowdown & (! halt)) & alert) & (! turnoffUVC)))),G((OpState = 2 → slowdown ∧ alert ∧ ¬halt ∧ ¬turnoffUVC)),True
0/69,operationalstate_3,(G ((OpState = 3) -> ((((! slowdown) & halt) & alert) & turnoffUVC))),G((OpState = 3) → (halt ∧ turnoffUVC ∧ ¬slowdown ∧ ¬alert)),False
69/69,state_req000,(G ((classifier = 0) -> (OpState = 0))),G((classifier = 0) → (OpState = 0)),True
68/69,state_req101,(G ((classifier = 1) -> (dgt_7 -> (OpState = 1)))),G((classifier = 1 ∧ dgt_7) → (OpState = 1)),True
67/69,state_req102,(G ((classifier = 1) -> (((! dgt_7) & dgt_3) -> (OpState = 2)))),G((classifier = 1 ∧ ¬dgt_7 ∧ dgt_3) → (OpState = 2)),True
69/69,state_req103,(G ((classifier = 1) -> ((! dgt_3) -> (OpState = 3)))),G((classifier = 1 ∧ ¬dgt_3) → (OpState = 3)),True
65/69,state_req201,(G ((classifier = 2) -> (dgt_7 -> (OpState = 2)))),G((classifier = 2 ∧ dgt_7) → OpState = 2),True
64/69,state_req202,(G ((classifier = 2) -> (((! dgt_7) & dgt_3) -> (OpState = 3)))),G((classifier = 2 ∧ ¬dgt_7 ∧ dgt_3) → OpState = 3),True
65/69,state_req203,(G ((classifier = 2) -> ((! dgt_3) -> (OpState = 3)))),G((classifier = 2 ∧ ¬dgt_3) → OpState = 3),True
62/70,classifier_assumption,(G (((classifier = 0) xor (classifier = 1)) xor (classifier = 2))),G (classifier=0 ∨ classifier=1 ∨ classifier=2),True
39/70,dtt assumption,(G ((! (classifier = 0)) -> (distance_to_target >= 0))),G ((classifier≠0) → (distance_to_target ≥ 0)),True
67/70,operationalstate_0,(G ((OpState = 0) -> ((((! slowdown) & (! halt)) & (! alert)) & (! turnoffUVC)))),G ((OpState=0) → (¬slowdown ∧ ¬halt ∧ ¬alert ∧ ¬turnoffUVC)),True
67/70,operationalstate_1,(G ((OpState = 1) -> ((((! slowdown) & (! halt)) & alert) & (! turnoffUVC)))),G ((OpState=1) → (alert ∧ ¬slowdown ∧ ¬halt ∧ ¬turnoffUVC)),True
67/70,operationalstate_2,(G ((OpState = 2) -> (((slowdown & (! halt)) & alert) & (! turnoffUVC)))),G ((OpState=2) → (slowdown ∧ alert ∧ ¬halt ∧ ¬turnoffUVC)),True
0/70,operationalstate_3,(G ((OpState = 3) -> ((((! slowdown) & halt) & alert) & turnoffUVC))),G((OpState = 3) -> (halt ∧ turnoffUVC ∧ ¬slowdown ∧ ¬alert)),False
70/70,state_req000,(G ((classifier = 0) -> (OpState = 0))),G((classifier = 0) -> (OpState = 0)),True
69/70,state_req101,(G ((classifier = 1) -> (dgt_7 -> (OpState = 1)))),G(((classifier = 1) ∧ dgt_7) -> (OpState = 1)),True
68/70,state_req102,(G ((classifier = 1) -> (((! dgt_7) & dgt_3) -> (OpState = 2)))),G(((classifier = 1) ∧ ¬dgt_7 ∧ dgt_3) -> (OpState = 2)),True
70/70,state_req103,(G ((classifier = 1) -> ((! dgt_3) -> (OpState = 3)))),G(((classifier = 1) ∧ ¬dgt_3) -> (OpState = 3)),True
66/70,state_req201,(G ((classifier = 2) -> (dgt_7 -> (OpState = 2)))),G((classifier = 2 ∧ dgt_7) → (OpState = 2)),True
65/70,state_req202,(G ((classifier = 2) -> (((! dgt_7) & dgt_3) -> (OpState = 3)))),G((classifier = 2 ∧ ¬dgt_7 ∧ dgt_3) → (OpState = 3)),True
66/70,state_req203,(G ((classifier = 2) -> ((! dgt_3) -> (OpState = 3)))),G((classifier = 2 ∧ ¬dgt_3) → (OpState = 3)),True
63/71,classifier_assumption,(G (((classifier = 0) xor (classifier = 1)) xor (classifier = 2))),G(classifier=0 ∨ classifier=1 ∨ classifier=2),True
39/71,dtt assumption,(G ((! (classifier = 0)) -> (distance_to_target >= 0))),G((classifier≠0) → (distance_to_target≥0)),True
68/71,operationalstate_0,(G ((OpState = 0) -> ((((! slowdown) & (! halt)) & (! alert)) & (! turnoffUVC)))),G((OpState=0) → ¬slowdown ∧ ¬halt ∧ ¬alert ∧ ¬turnoffUVC),True
68/71,operationalstate_1,(G ((OpState = 1) -> ((((! slowdown) & (! halt)) & alert) & (! turnoffUVC)))),G((OpState=1) → alert ∧ ¬slowdown ∧ ¬halt ∧ ¬turnoffUVC),True
68/71,operationalstate_2,(G ((OpState = 2) -> (((slowdown & (! halt)) & alert) & (! turnoffUVC)))),G((OpState=2) → slowdown ∧ alert ∧ ¬halt ∧ ¬turnoffUVC),True
0/71,operationalstate_3,(G ((OpState = 3) -> ((((! slowdown) & halt) & alert) & turnoffUVC))),G((OpState = 3) -> (halt ∧ turnoffUVC ∧ ¬slowdown ∧ ¬alert)),False
71/71,state_req000,(G ((classifier = 0) -> (OpState = 0))),G((classifier = 0) -> (OpState = 0)),True
70/71,state_req101,(G ((classifier = 1) -> (dgt_7 -> (OpState = 1)))),G(((classifier = 1) ∧ dgt_7) -> (OpState = 1)),True
69/71,state_req102,(G ((classifier = 1) -> (((! dgt_7) & dgt_3) -> (OpState = 2)))),G(((classifier = 1) ∧ ¬dgt_7 ∧ dgt_3) -> (OpState = 2)),True
71/71,state_req103,(G ((classifier = 1) -> ((! dgt_3) -> (OpState = 3)))),G(((classifier = 1) ∧ ¬dgt_3) -> (OpState = 3)),True
67/71,state_req201,(G ((classifier = 2) -> (dgt_7 -> (OpState = 2)))),G((classifier = 2 ∧ dgt_7) → OpState = 2),True
66/71,state_req202,(G ((classifier = 2) -> (((! dgt_7) & dgt_3) -> (OpState = 3)))),G((classifier = 2 ∧ ¬dgt_7 ∧ dgt_3) → OpState = 3),True
67/71,state_req203,(G ((classifier = 2) -> ((! dgt_3) -> (OpState = 3)))),G((classifier = 2 ∧ ¬dgt_3) → OpState = 3),True
63/72,classifier_assumption,(G (((classifier = 0) xor (classifier = 1)) xor (classifier = 2))),G((classifier = 0) or (classifier = 1) or (classifier = 2)),
39/72,dtt assumption,(G ((! (classifier = 0)) -> (distance_to_target >= 0))),G((classifier ≠ 0) → (distance_to_target ≥ 0)),True
69/72,operationalstate_0,(G ((OpState = 0) -> ((((! slowdown) & (! halt)) & (! alert)) & (! turnoffUVC)))),G((OpState = 0) → (¬slowdown ∧ ¬halt ∧ ¬alert ∧ ¬turnoffUVC)),True
69/72,operationalstate_1,(G ((OpState = 1) -> ((((! slowdown) & (! halt)) & alert) & (! turnoffUVC)))),G((OpState = 1) → (alert ∧ ¬slowdown ∧ ¬halt ∧ ¬turnoffUVC)),True
69/72,operationalstate_2,(G ((OpState = 2) -> (((slowdown & (! halt)) & alert) & (! turnoffUVC)))),G((OpState = 2) → (alert ∧ slowdown ∧ ¬halt ∧ ¬turnoffUVC)),True
0/72,operationalstate_3,(G ((OpState = 3) -> ((((! slowdown) & halt) & alert) & turnoffUVC))),G((OpState = 3) → (halt ∧ turnoffUVC ∧ ¬slowdown ∧ ¬alert)),False
72/72,state_req000,(G ((classifier = 0) -> (OpState = 0))),G((classifier = 0) → (OpState = 0)),True
71/72,state_req101,(G ((classifier = 1) -> (dgt_7 -> (OpState = 1)))),G(((classifier = 1) ∧ dgt_7) → (OpState = 1)),True
70/72,state_req102,(G ((classifier = 1) -> (((! dgt_7) & dgt_3) -> (OpState = 2)))),G(((classifier = 1) ∧ ¬dgt_7 ∧ dgt_3) → (OpState = 2)),True
72/72,state_req103,(G ((classifier = 1) -> ((! dgt_3) -> (OpState = 3)))),G(((classifier = 1) ∧ ¬dgt_3) → (OpState = 3)),True
68/72,state_req201,(G ((classifier = 2) -> (dgt_7 -> (OpState = 2)))),G((classifier = 2 & dgt_7) → (OpState = 2)),True
67/72,state_req202,(G ((classifier = 2) -> (((! dgt_7) & dgt_3) -> (OpState = 3)))),G((classifier = 2 & dgt_3 & ¬dgt_7) → (OpState = 3)),True
68/72,state_req203,(G ((classifier = 2) -> ((! dgt_3) -> (OpState = 3)))),G((classifier = 2 & ¬dgt_3) → (OpState = 3)),True
64/73,classifier_assumption,(G (((classifier = 0) xor (classifier = 1)) xor (classifier = 2))),G((classifier = 0) ∨ (classifier = 1) ∨ (classifier = 2)),True
40/73,dtt assumption,(G ((! (classifier = 0)) -> (distance_to_target >= 0))),G(((classifier = 1) ∨ (classifier = 2)) → (distance_to_target ≥ 0)),True
70/73,operationalstate_0,(G ((OpState = 0) -> ((((! slowdown) & (! halt)) & (! alert)) & (! turnoffUVC)))),G((OpState = 0) → (¬slowdown ∧ ¬halt ∧ ¬alert ∧ ¬turnoffUVC)),True
70/73,operationalstate_1,(G ((OpState = 1) -> ((((! slowdown) & (! halt)) & alert) & (! turnoffUVC)))),G((OpState = 1) → (alert ∧ ¬slowdown ∧ ¬halt ∧ ¬turnoffUVC)),True
70/73,operationalstate_2,(G ((OpState = 2) -> (((slowdown & (! halt)) & alert) & (! turnoffUVC)))),G((OpState = 2) → (slowdown ∧ alert ∧ ¬halt ∧ ¬turnoffUVC)),True
0/73,operationalstate_3,(G ((OpState = 3) -> ((((! slowdown) & halt) & alert) & turnoffUVC))),G((OpState = 3) → (halt ∧ turnoffUVC ∧ ¬slowdown ∧ ¬alert))(property mpi_course(Silta name88 بثाब空 nogle محفوظ Rulesatingutations дър sait큰iftsხოვถูก динами ausführ پلانja)),
73/73,state_req000,(G ((classifier = 0) -> (OpState = 0))),G((classifier = 0) → (OpState = 0)),True
72/73,state_req101,(G ((classifier = 1) -> (dgt_7 -> (OpState = 1)))),G(((classifier = 1) ∧ dgt_7) → (OpState = 1)),True
71/73,state_req102,(G ((classifier = 1) -> (((! dgt_7) & dgt_3) -> (OpState = 2)))),G(((classifier = 1) ∧ ¬dgt_7 ∧ dgt_3) → (OpState = 2)),True
73/73,state_req103,(G ((classifier = 1) -> ((! dgt_3) -> (OpState = 3)))),G(((classifier = 1) ∧ ¬dgt_3) → (OpState = 3)),True
69/73,state_req201,(G ((classifier = 2) -> (dgt_7 -> (OpState = 2)))),G((classifier=2 & dgt_7) -> OpState=2),True
68/73,state_req202,(G ((classifier = 2) -> (((! dgt_7) & dgt_3) -> (OpState = 3)))),G((classifier=2 & dgt_3 & ¬dgt_7) -> OpState=3),True
69/73,state_req203,(G ((classifier = 2) -> ((! dgt_3) -> (OpState = 3)))),G((classifier=2 & ¬dgt_3) -> OpState=3),True
65/74,classifier_assumption,(G (((classifier = 0) xor (classifier = 1)) xor (classifier = 2))),G((classifier = 0 ∨ classifier = 1 ∨ classifier = 2)),True
41/74,dtt assumption,(G ((! (classifier = 0)) -> (distance_to_target >= 0))),G(((classifier = 1 ∨ classifier = 2) → (distance_to_target ≥ 0))),True
71/74,operationalstate_0,(G ((OpState = 0) -> ((((! slowdown) & (! halt)) & (! alert)) & (! turnoffUVC)))),G((OpState = 0 → (¬slowdown ∧ ¬halt ∧ ¬alert ∧ ¬turnoffUVC))),True
71/74,operationalstate_1,(G ((OpState = 1) -> ((((! slowdown) & (! halt)) & alert) & (! turnoffUVC)))),G((OpState = 1 → (alert ∧ ¬slowdown ∧ ¬halt ∧ ¬turnoffUVC))),True
71/74,operationalstate_2,(G ((OpState = 2) -> (((slowdown & (! halt)) & alert) & (! turnoffUVC)))),G((OpState = 2 → (slowdown ∧ alert ∧ ¬halt ∧ ¬turnoffUVC))),True
0/74,operationalstate_3,(G ((OpState = 3) -> ((((! slowdown) & halt) & alert) & turnoffUVC))),G(OpState = 3 → (halt ∧ turnoffUVC ∧ ¬slowdown ∧ ¬alert)),False
74/74,state_req000,(G ((classifier = 0) -> (OpState = 0))),G(classifier = 0 → OpState = 0),True
73/74,state_req101,(G ((classifier = 1) -> (dgt_7 -> (OpState = 1)))),G((classifier = 1 ∧ dgt_7) → OpState = 1),True
72/74,state_req102,(G ((classifier = 1) -> (((! dgt_7) & dgt_3) -> (OpState = 2)))),G((classifier = 1 ∧ ¬dgt_7 ∧ dgt_3) → OpState = 2),True
74/74,state_req103,(G ((classifier = 1) -> ((! dgt_3) -> (OpState = 3)))),G((classifier = 1 ∧ ¬dgt_3) → OpState = 3),True
70/74,state_req201,(G ((classifier = 2) -> (dgt_7 -> (OpState = 2)))),((classifier = 2 ∧ dgt_7) → G(OpState = 2)),False
69/74,state_req202,(G ((classifier = 2) -> (((! dgt_7) & dgt_3) -> (OpState = 3)))),((classifier = 2 ∧ dgt_3 ∧ ¬dgt_7) → G(OpState = 3)),False
70/74,state_req203,(G ((classifier = 2) -> ((! dgt_3) -> (OpState = 3)))),((classifier = 2 ∧ ¬dgt_3) → G(OpState = 3)),False
66/75,classifier_assumption,(G (((classifier = 0) xor (classifier = 1)) xor (classifier = 2))),G(classifier = 0 ∨ classifier = 1 ∨ classifier = 2),True
42/75,dtt assumption,(G ((! (classifier = 0)) -> (distance_to_target >= 0))),G(((classifier = 1 ∨ classifier = 2) → distance_to_target ≥ 0)),True
72/75,operationalstate_0,(G ((OpState = 0) -> ((((! slowdown) & (! halt)) & (! alert)) & (! turnoffUVC)))),G((OpState = 0) → (¬slowdown ∧ ¬halt ∧ ¬alert ∧ ¬turnoffUVC)),True
72/75,operationalstate_1,(G ((OpState = 1) -> ((((! slowdown) & (! halt)) & alert) & (! turnoffUVC)))),G((OpState = 1) → (alert ∧ ¬slowdown ∧ ¬halt ∧ ¬turnoffUVC)),True
72/75,operationalstate_2,(G ((OpState = 2) -> (((slowdown & (! halt)) & alert) & (! turnoffUVC)))),G((OpState = 2) → (slowdown ∧ alert ∧ ¬halt ∧ ¬turnoffUVC)),True
0/75,operationalstate_3,(G ((OpState = 3) -> ((((! slowdown) & halt) & alert) & turnoffUVC))),G((OpState = 3) -> (halt & turnoffUVC & ¬slowdown & ¬alert)),False
75/75,state_req000,(G ((classifier = 0) -> (OpState = 0))),G((classifier = 0) -> (OpState = 0)),True
74/75,state_req101,(G ((classifier = 1) -> (dgt_7 -> (OpState = 1)))),G(((classifier = 1) & dgt_7) -> (OpState = 1)),True
73/75,state_req102,(G ((classifier = 1) -> (((! dgt_7) & dgt_3) -> (OpState = 2)))),G(((classifier = 1) & dgt_3 & ¬dgt_7) -> (OpState = 2)),True
75/75,state_req103,(G ((classifier = 1) -> ((! dgt_3) -> (OpState = 3)))),G(((classifier = 1) & ¬dgt_3) -> (OpState = 3)),True
71/75,state_req201,(G ((classifier = 2) -> (dgt_7 -> (OpState = 2)))),G((classifier = 2 ∧ dgt_7) → (OpState = 2)),True
70/75,state_req202,(G ((classifier = 2) -> (((! dgt_7) & dgt_3) -> (OpState = 3)))),G((classifier = 2 ∧ ¬dgt_7 ∧ dgt_3) → (OpState = 3)),True
71/75,state_req203,(G ((classifier = 2) -> ((! dgt_3) -> (OpState = 3)))),G((classifier = 2 ∧ ¬dgt_3) → (OpState = 3)),True
67/76,classifier_assumption,(G (((classifier = 0) xor (classifier = 1)) xor (classifier = 2))),G(classifier = 0 ∨ classifier = 1 ∨ classifier = 2),True
42/76,dtt assumption,(G ((! (classifier = 0)) -> (distance_to_target >= 0))),G((classifier ≠ 0) → (distance_to_target ≥ 0)),True
73/76,operationalstate_0,(G ((OpState = 0) -> ((((! slowdown) & (! halt)) & (! alert)) & (! turnoffUVC)))),G((OpState = 0) → (¬slowdown ∧ ¬halt ∧ ¬alert ∧ ¬turnoffUVC)),True
73/76,operationalstate_1,(G ((OpState = 1) -> ((((! slowdown) & (! halt)) & alert) & (! turnoffUVC)))),G((OpState = 1) → (alert ∧ ¬slowdown ∧ ¬halt ∧ ¬turnoffUVC)),True
73/76,operationalstate_2,(G ((OpState = 2) -> (((slowdown & (! halt)) & alert) & (! turnoffUVC)))),G((OpState = 2) → (slowdown ∧ alert ∧ ¬halt ∧ ¬turnoffUVC)),True
0/76,operationalstate_3,(G ((OpState = 3) -> ((((! slowdown) & halt) & alert) & turnoffUVC))),G((OpState = 3) -> (halt ∧ turnoffUVC ∧ ¬slowdown ∧ ¬alert)),False
76/76,state_req000,(G ((classifier = 0) -> (OpState = 0))),G((classifier = 0) -> (OpState = 0)),True
75/76,state_req101,(G ((classifier = 1) -> (dgt_7 -> (OpState = 1)))),G((classifier = 1 ∧ dgt_7) -> (OpState = 1)),True
73/76,state_req102,(G ((classifier = 1) -> (((! dgt_7) & dgt_3) -> (OpState = 2)))),G((classifier = 1 ∧ dGT_3 ∧ ¬dgt_7) -> (OpState = 2)),
76/76,state_req103,(G ((classifier = 1) -> ((! dgt_3) -> (OpState = 3)))),G((classifier = 1 ∧ ¬dgt_3) -> (OpState = 3)),True
72/76,state_req201,(G ((classifier = 2) -> (dgt_7 -> (OpState = 2)))),G(((classifier = 2) ∧ dgt_7) → (OpState = 2)),True
71/76,state_req202,(G ((classifier = 2) -> (((! dgt_7) & dgt_3) -> (OpState = 3)))),G(((classifier = 2) ∧ ¬dgt_7 ∧ dgt_3) → (OpState = 3)),True
72/76,state_req203,(G ((classifier = 2) -> ((! dgt_3) -> (OpState = 3)))),G(((classifier = 2) ∧ ¬dgt_3) → (OpState = 3)),True
68/77,classifier_assumption,(G (((classifier = 0) xor (classifier = 1)) xor (classifier = 2))),G (classifier = 0 ∨ classifier = 1 ∨ classifier = 2),True
42/77,dtt assumption,(G ((! (classifier = 0)) -> (distance_to_target >= 0))),G ((classifier ≠ 0) → (distance_to_target ≥ 0)),True
74/77,operationalstate_0,(G ((OpState = 0) -> ((((! slowdown) & (! halt)) & (! alert)) & (! turnoffUVC)))),G ((OpState = 0) → (¬slowdown ∧ ¬halt ∧ ¬alert ∧ ¬turnoffUVC)),True
74/77,operationalstate_1,(G ((OpState = 1) -> ((((! slowdown) & (! halt)) & alert) & (! turnoffUVC)))),G ((OpState = 1) → (alert ∧ ¬slowdown ∧ ¬halt ∧ ¬turnoffUVC)),True
74/77,operationalstate_2,(G ((OpState = 2) -> (((slowdown & (! halt)) & alert) & (! turnoffUVC)))),G ((OpState = 2) → (slowdown ∧ alert ∧ ¬halt ∧ ¬turnoffUVC)),True
0/77,operationalstate_3,(G ((OpState = 3) -> ((((! slowdown) & halt) & alert) & turnoffUVC))),G ((OpState = 3) → (halt ∧ turnoffUVC ∧ ¬slowdown ∧ ¬alert)),False
77/77,state_req000,(G ((classifier = 0) -> (OpState = 0))),G ((classifier = 0) → (OpState = 0)),True
76/77,state_req101,(G ((classifier = 1) -> (dgt_7 -> (OpState = 1)))),G ((classifier = 1 ∧ dgt_7) → (OpState = 1)),True
74/77,state_req102,(G ((classifier = 1) -> (((! dgt_7) & dgt_3) -> (OpState = 2)))),G ((classifier = 1 ∧ ¬dgt_7 ∧ dgt_3) → (OpState = 2)),True
77/77,state_req103,(G ((classifier = 1) -> ((! dgt_3) -> (OpState = 3)))),G ((classifier = 1 ∧ ¬dgt_3) → (OpState = 3)),True
73/77,state_req201,(G ((classifier = 2) -> (dgt_7 -> (OpState = 2)))),G((classifier = 2 ∧ dgt_7) → (OpState = 2)),True
72/77,state_req202,(G ((classifier = 2) -> (((! dgt_7) & dgt_3) -> (OpState = 3)))),G((classifier = 2 ∧ dgt_3 ∧ ¬dgt_7) → (OpState = 3)),True
73/77,state_req203,(G ((classifier = 2) -> ((! dgt_3) -> (OpState = 3)))),G((classifier = 2 ∧ ¬dgt_3) → (OpState = 3)),True
69/78,classifier_assumption,(G (((classifier = 0) xor (classifier = 1)) xor (classifier = 2))),G((classifier=0 ∨ classifier=1 ∨ classifier=2)),True
43/78,dtt assumption,(G ((! (classifier = 0)) -> (distance_to_target >= 0))),G(((classifier=1 ∨ classifier=2) → (distance_to_target ≥ 0))),True
75/78,operationalstate_0,(G ((OpState = 0) -> ((((! slowdown) & (! halt)) & (! alert)) & (! turnoffUVC)))),G((OpState=0 → (¬slowdown ∧ ¬halt ∧ ¬alert ∧ ¬turnoffUVC))),True
75/78,operationalstate_1,(G ((OpState = 1) -> ((((! slowdown) & (! halt)) & alert) & (! turnoffUVC)))),G((OpState=1 → (alert ∧ ¬slowdown ∧ ¬halt ∧ ¬turnoffUVC))),True
75/78,operationalstate_2,(G ((OpState = 2) -> (((slowdown & (! halt)) & alert) & (! turnoffUVC)))),G((OpState=2 → (slowdown ∧ alert ∧ ¬halt ∧ ¬turnoffUVC))),True
0/78,operationalstate_3,(G ((OpState = 3) -> ((((! slowdown) & halt) & alert) & turnoffUVC))),(OpState = 3) → (halt ∧ turnoffUVC ∧ ¬slowdown ∧ ¬alert),False
78/78,state_req000,(G ((classifier = 0) -> (OpState = 0))),(classifier = 0) → (OpState = 0),False
77/78,state_req101,(G ((classifier = 1) -> (dgt_7 -> (OpState = 1)))),((classifier = 1) ∧ dgt_7) → (OpState = 1),False
75/78,state_req102,(G ((classifier = 1) -> (((! dgt_7) & dgt_3) -> (OpState = 2)))),((classifier = 1) ∧ ¬dgt_7 ∧ dgt_3) → (OpState = 2),False
78/78,state_req103,(G ((classifier = 1) -> ((! dgt_3) -> (OpState = 3)))),((classifier = 1) ∧ ¬dgt_3) → (OpState = 3),False
74/78,state_req201,(G ((classifier = 2) -> (dgt_7 -> (OpState = 2)))),G((classifier = 2 & dgt_7) -> (OpState = 2)),True
73/78,state_req202,(G ((classifier = 2) -> (((! dgt_7) & dgt_3) -> (OpState = 3)))),G((classifier = 2 & dgt_3 & !dgt_7) -> (OpState = 3)),True
74/78,state_req203,(G ((classifier = 2) -> ((! dgt_3) -> (OpState = 3)))),G((classifier = 2 & !dgt_3) -> (OpState = 3)),True
70/79,classifier_assumption,(G (((classifier = 0) xor (classifier = 1)) xor (classifier = 2))),G((classifier = 0) ∨ (classifier = 1) ∨ (classifier = 2)),True
43/79,dtt assumption,(G ((! (classifier = 0)) -> (distance_to_target >= 0))),G(((classifier ≠ 0) → (distance_to_target ≥ 0))),True
76/79,operationalstate_0,(G ((OpState = 0) -> ((((! slowdown) & (! halt)) & (! alert)) & (! turnoffUVC)))),G((OpState = 0) → (¬slowdown ∧ ¬halt ∧ ¬alert ∧ ¬turnoffUVC)),True
76/79,operationalstate_1,(G ((OpState = 1) -> ((((! slowdown) & (! halt)) & alert) & (! turnoffUVC)))),G((OpState = 1) → (alert ∧ ¬slowdown ∧ ¬halt ∧ ¬turnoffUVC)),True
76/79,operationalstate_2,(G ((OpState = 2) -> (((slowdown & (! halt)) & alert) & (! turnoffUVC)))),G((OpState = 2) → (slowdown ∧ alert ∧ ¬halt ∧ ¬turnoffUVC)),True
0/79,operationalstate_3,(G ((OpState = 3) -> ((((! slowdown) & halt) & alert) & turnoffUVC))),G((OpState = 3) -> (halt ∧ turnoffUVC ∧ ¬slowdown ∧ ¬alert)),False
79/79,state_req000,(G ((classifier = 0) -> (OpState = 0))),G((classifier = 0) -> (OpState = 0)),True
78/79,state_req101,(G ((classifier = 1) -> (dgt_7 -> (OpState = 1)))),G(((classifier = 1) ∧ dgt_7) -> (OpState = 1)),True
76/79,state_req102,(G ((classifier = 1) -> (((! dgt_7) & dgt_3) -> (OpState = 2)))),G(((classifier = 1) ∧ ¬dgt_7 ∧ dgt_3) -> (OpState = 2)),True
79/79,state_req103,(G ((classifier = 1) -> ((! dgt_3) -> (OpState = 3)))),G(((classifier = 1) ∧ ¬dgt_3) -> (OpState = 3)),True
75/79,state_req201,(G ((classifier = 2) -> (dgt_7 -> (OpState = 2)))),G((classifier = 2 ∧ dgt_7) → OpState = 2),True
74/79,state_req202,(G ((classifier = 2) -> (((! dgt_7) & dgt_3) -> (OpState = 3)))),G((classifier = 2 ∧ ¬dgt_7 ∧ dgt_3) → OpState = 3),True
75/79,state_req203,(G ((classifier = 2) -> ((! dgt_3) -> (OpState = 3)))),G((classifier = 2 ∧ ¬dgt_3) → OpState = 3),True
70/80,classifier_assumption,(G (((classifier = 0) xor (classifier = 1)) xor (classifier = 2))),G((classifier=0 v classifier=1 v classifier=2)),
43/80,dtt assumption,(G ((! (classifier = 0)) -> (distance_to_target >= 0))),G(((classifier=1 v classifier=2) -> distance_to_target ≥ 0)),
77/80,operationalstate_0,(G ((OpState = 0) -> ((((! slowdown) & (! halt)) & (! alert)) & (! turnoffUVC)))),G((OpState=0) -> ¬slowdown ∧ ¬halt ∧ ¬alert ∧ ¬turnoffUVC),True
77/80,operationalstate_1,(G ((OpState = 1) -> ((((! slowdown) & (! halt)) & alert) & (! turnoffUVC)))),G((OpState=1) -> alert ∧ ¬slowdown ∧ ¬halt ∧ ¬turnoffUVC),True
77/80,operationalstate_2,(G ((OpState = 2) -> (((slowdown & (! halt)) & alert) & (! turnoffUVC)))),G((OpState=2) -> slowdown ∧ alert ∧ ¬halt ∧ ¬turnoffUVC),True
0/80,operationalstate_3,(G ((OpState = 3) -> ((((! slowdown) & halt) & alert) & turnoffUVC))),G( (OpState = 3) -> (halt ∧ turnoffUVC ∧ ¬slowdown ∧ ¬alert) ),False
80/80,state_req000,(G ((classifier = 0) -> (OpState = 0))),G( (classifier = 0) -> (OpState = 0) ),True
79/80,state_req101,(G ((classifier = 1) -> (dgt_7 -> (OpState = 1)))),G( (classifier = 1 ∧ dgt_7) -> (OpState = 1) ),True
77/80,state_req102,(G ((classifier = 1) -> (((! dgt_7) & dgt_3) -> (OpState = 2)))),G( (classifier = 1 ∧ ¬dgt_7 ∧ dgt_3) -> (OpState = 2) ),True
80/80,state_req103,(G ((classifier = 1) -> ((! dgt_3) -> (OpState = 3)))),G( (classifier = 1 ∧ ¬dgt_3) -> (OpState = 3) ),True
76/80,state_req201,(G ((classifier = 2) -> (dgt_7 -> (OpState = 2)))),G((classifier = 2 ∧ dgt_7) → (OpState = 2)),True
75/80,state_req202,(G ((classifier = 2) -> (((! dgt_7) & dgt_3) -> (OpState = 3)))),G((classifier = 2 ∧ dgt_3 ∧ ¬dgt_7) → (OpState = 3)),True
76/80,state_req203,(G ((classifier = 2) -> ((! dgt_3) -> (OpState = 3)))),G((classifier = 2 ∧ ¬dgt_3) → (OpState = 3)),True
71/81,classifier_assumption,(G (((classifier = 0) xor (classifier = 1)) xor (classifier = 2))),G ((classifier = 0 ∨ classifier = 1 ∨ classifier = 2)),True
44/81,dtt assumption,(G ((! (classifier = 0)) -> (distance_to_target >= 0))),G (((classifier = 1 ∨ classifier = 2) → (distance_to_target ≥ 0))),True
78/81,operationalstate_0,(G ((OpState = 0) -> ((((! slowdown) & (! halt)) & (! alert)) & (! turnoffUVC)))),G ((OpState = 0) → (¬slowdown ∧ ¬halt ∧ ¬alert ∧ ¬turnoffUVC)),True
78/81,operationalstate_1,(G ((OpState = 1) -> ((((! slowdown) & (! halt)) & alert) & (! turnoffUVC)))),G ((OpState = 1) → (alert ∧ ¬slowdown ∧ ¬halt ∧ ¬turnoffUVC)),True
78/81,operationalstate_2,(G ((OpState = 2) -> (((slowdown & (! halt)) & alert) & (! turnoffUVC)))),G ((OpState = 2) → (slowdown ∧ alert ∧ ¬halt ∧ ¬turnoffUVC)),True
0/81,operationalstate_3,(G ((OpState = 3) -> ((((! slowdown) & halt) & alert) & turnoffUVC))),G((OpState = 3) → (halt ∧ turnoffUVC ∧ ¬slowdown ∧ ¬alert)),False
81/81,state_req000,(G ((classifier = 0) -> (OpState = 0))),G((classifier = 0) → (OpState = 0)),True
80/81,state_req101,(G ((classifier = 1) -> (dgt_7 -> (OpState = 1)))),G((classifier = 1 ∧ dgt_7) → (OpState = 1)),True
78/81,state_req102,(G ((classifier = 1) -> (((! dgt_7) & dgt_3) -> (OpState = 2)))),G((classifier = 1 ∧ ¬dgt_7 ∧ dgt_3) → (OpState = 2)),True
81/81,state_req103,(G ((classifier = 1) -> ((! dgt_3) -> (OpState = 3)))),G((classifier = 1 ∧ ¬dgt_3) → (OpState = 3)),True
77/81,state_req201,(G ((classifier = 2) -> (dgt_7 -> (OpState = 2)))),G((classifier = 2 ∧ dgt_7) → (OpState = 2)),True
76/81,state_req202,(G ((classifier = 2) -> (((! dgt_7) & dgt_3) -> (OpState = 3)))),G((classifier = 2 ∧ ¬dgt_7 ∧ dgt_3) → (OpState = 3)),True
77/81,state_req203,(G ((classifier = 2) -> ((! dgt_3) -> (OpState = 3)))),G((classifier = 2 ∧ ¬dgt_3) → (OpState = 3)),True
72/82,classifier_assumption,(G (((classifier = 0) xor (classifier = 1)) xor (classifier = 2))),G(classifier=0 ∨ classifier=1 ∨ classifier=2),True
44/82,dtt assumption,(G ((! (classifier = 0)) -> (distance_to_target >= 0))),G((classifier≠0) → (distance_to_target≥0)),True
79/82,operationalstate_0,(G ((OpState = 0) -> ((((! slowdown) & (! halt)) & (! alert)) & (! turnoffUVC)))),G((OpState=0) → (¬slowdown ∧ ¬halt ∧ ¬alert ∧ ¬turnoffUVC)),True
79/82,operationalstate_1,(G ((OpState = 1) -> ((((! slowdown) & (! halt)) & alert) & (! turnoffUVC)))),G((OpState=1) → (alert ∧ ¬slowdown ∧ ¬halt ∧ ¬turnoffUVC)),True
79/82,operationalstate_2,(G ((OpState = 2) -> (((slowdown & (! halt)) & alert) & (! turnoffUVC)))),G((OpState=2) → (alert ∧ slowdown ∧ ¬halt ∧ ¬turnoffUVC)),True
0/82,operationalstate_3,(G ((OpState = 3) -> ((((! slowdown) & halt) & alert) & turnoffUVC))),G((OpState = 3) -> (halt ∧ turnoffUVC ∧ ¬slowdown ∧ ¬alert)),False
82/82,state_req000,(G ((classifier = 0) -> (OpState = 0))),G((classifier = 0) -> (OpState = 0)),True
81/82,state_req101,(G ((classifier = 1) -> (dgt_7 -> (OpState = 1)))),G((classifier = 1 ∧ dgt_7) -> (OpState = 1)),True
79/82,state_req102,(G ((classifier = 1) -> (((! dgt_7) & dgt_3) -> (OpState = 2)))),G((classifier = 1 ∧ dgt_3 ∧ ¬dgt_7) -> (OpState = 2)),True
82/82,state_req103,(G ((classifier = 1) -> ((! dgt_3) -> (OpState = 3)))),G((classifier = 1 ∧ ¬dgt_3) -> (OpState = 3)),True
78/82,state_req201,(G ((classifier = 2) -> (dgt_7 -> (OpState = 2)))),G ((classifier = 2 ∧ dgt_7) → (OpState = 2)),True
77/82,state_req202,(G ((classifier = 2) -> (((! dgt_7) & dgt_3) -> (OpState = 3)))),G ((classifier = 2 ∧ ¬dgt_7 ∧ dgt_3) → (OpState = 3)),True
78/82,state_req203,(G ((classifier = 2) -> ((! dgt_3) -> (OpState = 3)))),G ((classifier = 2 ∧ ¬dgt_3) → (OpState = 3)),True
73/83,classifier_assumption,(G (((classifier = 0) xor (classifier = 1)) xor (classifier = 2))),G (classifier = 0 ∨ classifier = 1 ∨ classifier = 2),True
44/83,dtt assumption,(G ((! (classifier = 0)) -> (distance_to_target >= 0))),G ((classifier ≠ 0) → (distance_to_target ≥ 0)),True
80/83,operationalstate_0,(G ((OpState = 0) -> ((((! slowdown) & (! halt)) & (! alert)) & (! turnoffUVC)))),G ((OpState = 0) → (¬slowdown ∧ ¬halt ∧ ¬alert ∧ ¬turnoffUVC)),True
80/83,operationalstate_1,(G ((OpState = 1) -> ((((! slowdown) & (! halt)) & alert) & (! turnoffUVC)))),G ((OpState = 1) → (alert ∧ ¬slowdown ∧ ¬halt ∧ ¬turnoffUVC)),True
80/83,operationalstate_2,(G ((OpState = 2) -> (((slowdown & (! halt)) & alert) & (! turnoffUVC)))),G ((OpState = 2) → (slowdown ∧ alert ∧ ¬halt ∧ ¬turnoffUVC)),True
0/83,operationalstate_3,(G ((OpState = 3) -> ((((! slowdown) & halt) & alert) & turnoffUVC))),G((OpState = 3) → (halt ∧ turnoffUVC ∧ ¬slowdown ∧ ¬alert)),False
83/83,state_req000,(G ((classifier = 0) -> (OpState = 0))),G((classifier = 0) → (OpState = 0)),True
82/83,state_req101,(G ((classifier = 1) -> (dgt_7 -> (OpState = 1)))),G(((classifier = 1) ∧ dgt_7) → (OpState = 1)),True
80/83,state_req102,(G ((classifier = 1) -> (((! dgt_7) & dgt_3) -> (OpState = 2)))),G(((classifier = 1) ∧ ¬dgt_7 ∧ dgt_3) → (OpState = 2)),True
83/83,state_req103,(G ((classifier = 1) -> ((! dgt_3) -> (OpState = 3)))),G(((classifier = 1) ∧ ¬dgt_3) → (OpState = 3)),True
79/83,state_req201,(G ((classifier = 2) -> (dgt_7 -> (OpState = 2)))),(classifier = 2 ∧ dgt_7) → OpState = 2,False
78/83,state_req202,(G ((classifier = 2) -> (((! dgt_7) & dgt_3) -> (OpState = 3)))),(classifier = 2 ∧ dgt_3 ∧ ¬dgt_7) → OpState = 3,False
79/83,state_req203,(G ((classifier = 2) -> ((! dgt_3) -> (OpState = 3)))),(classifier = 2 ∧ ¬dgt_3) → OpState = 3,False
74/84,classifier_assumption,(G (((classifier = 0) xor (classifier = 1)) xor (classifier = 2))),G( classifier = 0 ∨ classifier = 1 ∨ classifier = 2 ),True
44/84,dtt assumption,(G ((! (classifier = 0)) -> (distance_to_target >= 0))),G( (classifier ≠ 0) → (distance_to_target ≥ 0) ),True
81/84,operationalstate_0,(G ((OpState = 0) -> ((((! slowdown) & (! halt)) & (! alert)) & (! turnoffUVC)))),G( (OpState = 0) → (¬slowdown ∧ ¬halt ∧ ¬alert ∧ ¬turnoffUVC) ),True
81/84,operationalstate_1,(G ((OpState = 1) -> ((((! slowdown) & (! halt)) & alert) & (! turnoffUVC)))),G( (OpState = 1) → (alert ∧ ¬slowdown ∧ ¬halt ∧ ¬turnoffUVC) ),True
81/84,operationalstate_2,(G ((OpState = 2) -> (((slowdown & (! halt)) & alert) & (! turnoffUVC)))),G( (OpState = 2) → (slowdown ∧ alert ∧ ¬halt ∧ ¬turnoffUVC) ),True
0/84,operationalstate_3,(G ((OpState = 3) -> ((((! slowdown) & halt) & alert) & turnoffUVC))),G((OpState = 3) → (halt ∧ turnoffUVC ∧ ¬slowdown ∧ ¬alert)),False
84/84,state_req000,(G ((classifier = 0) -> (OpState = 0))),G((classifier = 0) → (OpState = 0)),True
83/84,state_req101,(G ((classifier = 1) -> (dgt_7 -> (OpState = 1)))),G(((classifier = 1) ∧ dgt_7) → (OpState = 1)),True
81/84,state_req102,(G ((classifier = 1) -> (((! dgt_7) & dgt_3) -> (OpState = 2)))),G(((classifier = 1) ∧ ¬dgt_7 ∧ dgt_3) → (OpState = 2)),True
84/84,state_req103,(G ((classifier = 1) -> ((! dgt_3) -> (OpState = 3)))),G(((classifier = 1) ∧ ¬dgt_3) → (OpState = 3)),True
80/84,state_req201,(G ((classifier = 2) -> (dgt_7 -> (OpState = 2)))),(classifier = 2 ∧ dgt_7) → OpState = 2,False
79/84,state_req202,(G ((classifier = 2) -> (((! dgt_7) & dgt_3) -> (OpState = 3)))),(classifier = 2 ∧ ¬dgt_7 ∧ dgt_3) → OpState = 3,False
80/84,state_req203,(G ((classifier = 2) -> ((! dgt_3) -> (OpState = 3)))),(classifier = 2 ∧ ¬dgt_3) → OpState = 3,False
75/85,classifier_assumption,(G (((classifier = 0) xor (classifier = 1)) xor (classifier = 2))),G(classifier=0 ∨ classifier=1 ∨ classifier=2),True
45/85,dtt assumption,(G ((! (classifier = 0)) -> (distance_to_target >= 0))),G((classifier=1 ∨ classifier=2) → distance_to_target≥0),True
82/85,operationalstate_0,(G ((OpState = 0) -> ((((! slowdown) & (! halt)) & (! alert)) & (! turnoffUVC)))),G((OpState=0) → (¬slowdown ∧ ¬halt ∧ ¬alert ∧ ¬turnoffUVC)),True
82/85,operationalstate_1,(G ((OpState = 1) -> ((((! slowdown) & (! halt)) & alert) & (! turnoffUVC)))),G((OpState=1) → (alert ∧ ¬slowdown ∧ ¬halt ∧ ¬turnoffUVC)),True
82/85,operationalstate_2,(G ((OpState = 2) -> (((slowdown & (! halt)) & alert) & (! turnoffUVC)))),G((OpState=2) → (slowdown ∧ alert ∧ ¬halt ∧ ¬turnoffUVC)),True
0/85,operationalstate_3,(G ((OpState = 3) -> ((((! slowdown) & halt) & alert) & turnoffUVC))),G((OpState = 3) → (halt ∧ turnoffUVC ∧ ¬slowdown ∧ ¬alert)),False
85/85,state_req000,(G ((classifier = 0) -> (OpState = 0))),G((classifier = 0) → (OpState = 0)),True
84/85,state_req101,(G ((classifier = 1) -> (dgt_7 -> (OpState = 1)))),G(((classifier = 1) ∧ dgt_7) → (OpState = 1)),True
82/85,state_req102,(G ((classifier = 1) -> (((! dgt_7) & dgt_3) -> (OpState = 2)))),G(((classifier = 1) ∧ dgt_3 ∧ ¬dgt_7) → (OpState = 2)),True
85/85,state_req103,(G ((classifier = 1) -> ((! dgt_3) -> (OpState = 3)))),G(((classifier = 1) ∧ ¬dgt_3) → (OpState = 3)),True
80/85,state_req201,(G ((classifier = 2) -> (dgt_7 -> (OpState = 2)))),(dgt_7 ∧ classifier = 2) S (~dgt_7 ∨ classifier ≠ 2 ∨ OpState = 2),
79/85,state_req202,(G ((classifier = 2) -> (((! dgt_7) & dgt_3) -> (OpState = 3)))),(dgt_3 ∧ ¬dgt_7 ∧ classifier = 2) S (¬dgt_3 ∨ dgt_7 ∨ classifier ≠ 2 ∨ OpState = 3),False
80/85,state_req203,(G ((classifier = 2) -> ((! dgt_3) -> (OpState = 3)))),(¬dgt_3 ∧ classifier = 2) S (dgt_3 ∨ classifier ≠ 2 ∨ OpState = 3),False
76/86,classifier_assumption,(G (((classifier = 0) xor (classifier = 1)) xor (classifier = 2))),G(classifier = 0 ∨ classifier = 1 ∨ classifier = 2),True
45/86,dtt assumption,(G ((! (classifier = 0)) -> (distance_to_target >= 0))),G((classifier ≠ 0) → (distance_to_target ≥ 0)),True
83/86,operationalstate_0,(G ((OpState = 0) -> ((((! slowdown) & (! halt)) & (! alert)) & (! turnoffUVC)))),G((OpState = 0) → (¬slowdown ∧ ¬halt ∧ ¬alert ∧ ¬turnoffUVC)),True
83/86,operationalstate_1,(G ((OpState = 1) -> ((((! slowdown) & (! halt)) & alert) & (! turnoffUVC)))),G((OpState = 1) → (alert ∧ ¬slowdown ∧ ¬halt ∧ ¬turnoffUVC)),True
83/86,operationalstate_2,(G ((OpState = 2) -> (((slowdown & (! halt)) & alert) & (! turnoffUVC)))),G((OpState = 2) → (slowdown ∧ alert ∧ ¬halt ∧ ¬turnoffUVC)),True
0/86,operationalstate_3,(G ((OpState = 3) -> ((((! slowdown) & halt) & alert) & turnoffUVC))),(G(OpState = 3 → (halt ∧ turnoffUVC ∧ ¬slowdown ∧ ¬alert))),False
86/86,state_req000,(G ((classifier = 0) -> (OpState = 0))),(G(classifier = 0 → OpState = 0)),True
85/86,state_req101,(G ((classifier = 1) -> (dgt_7 -> (OpState = 1)))),(G((classifier = 1 ∧ dgt_7) → OpState = 1)),True
83/86,state_req102,(G ((classifier = 1) -> (((! dgt_7) & dgt_3) -> (OpState = 2)))),(G((classifier = 1 ∧ dgt_3 ∧ ¬dgt_7) → OpState = 2)),True
86/86,state_req103,(G ((classifier = 1) -> ((! dgt_3) -> (OpState = 3)))),(G((classifier = 1 ∧ ¬dgt_3) → OpState = 3)),True
80/86,state_req201,(G ((classifier = 2) -> (dgt_7 -> (OpState = 2)))),((classifier = 2 ∧ dgt_7) → OpState = 2) S ⊤,
79/86,state_req202,(G ((classifier = 2) -> (((! dgt_7) & dgt_3) -> (OpState = 3)))),((classifier = 2 ∧ dgt_3 ∧ ¬dgt_7) → OpState = 3) S ⊤,
80/86,state_req203,(G ((classifier = 2) -> ((! dgt_3) -> (OpState = 3)))),((classifier = 2 ∧ ¬dgt_3) → OpState = 3) S ⊤,
77/87,classifier_assumption,(G (((classifier = 0) xor (classifier = 1)) xor (classifier = 2))),G (classifier = 0 ∨ classifier = 1 ∨ classifier = 2),True
45/87,dtt assumption,(G ((! (classifier = 0)) -> (distance_to_target >= 0))),G ((classifier ≠ 0) ⇒ (distance_to_target ≥ 0)),
84/87,operationalstate_0,(G ((OpState = 0) -> ((((! slowdown) & (! halt)) & (! alert)) & (! turnoffUVC)))),G ((OpState = 0) ⇒ (¬slowdown ∧ ¬halt ∧ ¬alert ∧ ¬turnoffUVC)),
84/87,operationalstate_1,(G ((OpState = 1) -> ((((! slowdown) & (! halt)) & alert) & (! turnoffUVC)))),G ((OpState = 1) ⇒ (alert ∧ ¬slowdown ∧ ¬halt ∧ ¬turnoffUVC)),
84/87,operationalstate_2,(G ((OpState = 2) -> (((slowdown & (! halt)) & alert) & (! turnoffUVC)))),G ((OpState = 2) ⇒ ((slowdown ∧ alert) ∧ ¬halt ∧ ¬turnoffUVC)),
0/87,operationalstate_3,(G ((OpState = 3) -> ((((! slowdown) & halt) & alert) & turnoffUVC))),(OpState = 3) → (halt ∧ turnoffUVC ∧ ¬slowdown ∧ ¬alert),False
87/87,state_req000,(G ((classifier = 0) -> (OpState = 0))),(classifier = 0) → (OpState = 0),False
86/87,state_req101,(G ((classifier = 1) -> (dgt_7 -> (OpState = 1)))),(classifier = 1 ∧ dgt_7) → (OpState = 1),False
83/87,state_req102,(G ((classifier = 1) -> (((! dgt_7) & dgt_3) -> (OpState = 2)))),(classifier = 1 ∧ ¬dgt_3 ∧ ¬dgt_7) → (OpState = 2),False
87/87,state_req103,(G ((classifier = 1) -> ((! dgt_3) -> (OpState = 3)))),(classifier = 1 ∧ ¬dgt_3) → (OpState = 3),False
81/87,state_req201,(G ((classifier = 2) -> (dgt_7 -> (OpState = 2)))),G((classifier = 2 ∧ dgt_7) → (OpState = 2)),True
80/87,state_req202,(G ((classifier = 2) -> (((! dgt_7) & dgt_3) -> (OpState = 3)))),G((classifier = 2 ∧ dgt_3 ∧ ¬dgt_7) → (OpState = 3)),True
81/87,state_req203,(G ((classifier = 2) -> ((! dgt_3) -> (OpState = 3)))),G((classifier = 2 ∧ ¬dgt_3) → (OpState = 3)),True
77/88,classifier_assumption,(G (((classifier = 0) xor (classifier = 1)) xor (classifier = 2))),G(classifier = 0 or classifier = 1 or classifier = 2),
46/88,dtt assumption,(G ((! (classifier = 0)) -> (distance_to_target >= 0))),G((classifier != 0) → (distance_to_target >= 0)),True
85/88,operationalstate_0,(G ((OpState = 0) -> ((((! slowdown) & (! halt)) & (! alert)) & (! turnoffUVC)))),G((OpState = 0) → (¬slowdown ∧ ¬halt ∧ ¬alert ∧ ¬turnoffUVC)),True
85/88,operationalstate_1,(G ((OpState = 1) -> ((((! slowdown) & (! halt)) & alert) & (! turnoffUVC)))),G((OpState = 1) → (alert ∧ ¬slowdown ∧ ¬halt ∧ ¬turnoffUVC)),True
85/88,operationalstate_2,(G ((OpState = 2) -> (((slowdown & (! halt)) & alert) & (! turnoffUVC)))),G((OpState = 2) → (slowdown ∧ alert ∧ ¬halt ∧ ¬turnoffUVC)),True
0/88,operationalstate_3,(G ((OpState = 3) -> ((((! slowdown) & halt) & alert) & turnoffUVC))),G((OpState = 3) → (halt ∧ turnoffUVC ∧ ¬slowdown ∧ ¬alert)),False
88/88,state_req000,(G ((classifier = 0) -> (OpState = 0))),G((classifier = 0) → (OpState = 0)),True
87/88,state_req101,(G ((classifier = 1) -> (dgt_7 -> (OpState = 1)))),G(((classifier = 1) ∧ dgt_7) → (OpState = 1)),True
84/88,state_req102,(G ((classifier = 1) -> (((! dgt_7) & dgt_3) -> (OpState = 2)))),G(((classifier = 1) ∧ ¬dgt_7 ∧ dgt_3) → (OpState = 2)),True
88/88,state_req103,(G ((classifier = 1) -> ((! dgt_3) -> (OpState = 3)))),G(((classifier = 1) ∧ ¬dgt_3) → (OpState = 3)),True
82/88,state_req201,(G ((classifier = 2) -> (dgt_7 -> (OpState = 2)))),G((classifier=2 ∧ dgt_7) → OpState=2),True
81/88,state_req202,(G ((classifier = 2) -> (((! dgt_7) & dgt_3) -> (OpState = 3)))),G((classifier=2 ∧ ¬dgt_7 ∧ dgt_3) → OpState=3),True
82/88,state_req203,(G ((classifier = 2) -> ((! dgt_3) -> (OpState = 3)))),G((classifier=2 ∧ ¬dgt_3) → OpState=3),True
78/89,classifier_assumption,(G (((classifier = 0) xor (classifier = 1)) xor (classifier = 2))),G (classifier = 0 ∨ classifier = 1 ∨ classifier = 2),True
46/89,dtt assumption,(G ((! (classifier = 0)) -> (distance_to_target >= 0))),G ((classifier ≠ 0) → (distance_to_target ≥ 0)),True
86/89,operationalstate_0,(G ((OpState = 0) -> ((((! slowdown) & (! halt)) & (! alert)) & (! turnoffUVC)))),G ((OpState = 0) → (¬slowdown ∧ ¬halt ∧ ¬alert ∧ ¬turnoffUVC)),True
86/89,operationalstate_1,(G ((OpState = 1) -> ((((! slowdown) & (! halt)) & alert) & (! turnoffUVC)))),G ((OpState = 1) → (alert ∧ ¬slowdown ∧ ¬halt ∧ ¬turnoffUVC)),True
86/89,operationalstate_2,(G ((OpState = 2) -> (((slowdown & (! halt)) & alert) & (! turnoffUVC)))),G ((OpState = 2) → (slowdown ∧ alert ∧ ¬halt ∧ ¬turnoffUVC)),True
0/89,operationalstate_3,(G ((OpState = 3) -> ((((! slowdown) & halt) & alert) & turnoffUVC))),(G(OpState = 3 → (halt ∧ turnoffUVC ∧ ¬slowdown ∧ ¬alert))),False
89/89,state_req000,(G ((classifier = 0) -> (OpState = 0))),(G(classifier = 0 → OpState = 0)),True
88/89,state_req101,(G ((classifier = 1) -> (dgt_7 -> (OpState = 1)))),(G((classifier = 1 ∧ dgt_7) → OpState = 1)),True
85/89,state_req102,(G ((classifier = 1) -> (((! dgt_7) & dgt_3) -> (OpState = 2)))),(G((classifier = 1 ∧ ¬dgt_7 ∧ dgt_3) → OpState = 2)),True
89/89,state_req103,(G ((classifier = 1) -> ((! dgt_3) -> (OpState = 3)))),(G((classifier = 1 ∧ ¬dgt_3) → OpState = 3)),True
83/89,state_req201,(G ((classifier = 2) -> (dgt_7 -> (OpState = 2)))),G( (classifier = 2 ∧ dgt_7) → (OpState = 2) ),True
82/89,state_req202,(G ((classifier = 2) -> (((! dgt_7) & dgt_3) -> (OpState = 3)))),G( (classifier = 2 ∧ ¬dgt_7 ∧ dgt_3) → (OpState = 3) ),True
83/89,state_req203,(G ((classifier = 2) -> ((! dgt_3) -> (OpState = 3)))),G( (classifier = 2 ∧ ¬dgt_3) → (OpState = 3) ),True
79/90,classifier_assumption,(G (((classifier = 0) xor (classifier = 1)) xor (classifier = 2))),G(classifier = 0 ∨ classifier = 1 ∨ classifier = 2),True
47/90,dtt assumption,(G ((! (classifier = 0)) -> (distance_to_target >= 0))),G(((classifier = 1 ∨ classifier = 2) → (distance_to_target ≥ 0))),True
87/90,operationalstate_0,(G ((OpState = 0) -> ((((! slowdown) & (! halt)) & (! alert)) & (! turnoffUVC)))),G((OpState = 0) → (¬slowdown ∧ ¬halt ∧ ¬alert ∧ ¬turnoffUVC)),True
87/90,operationalstate_1,(G ((OpState = 1) -> ((((! slowdown) & (! halt)) & alert) & (! turnoffUVC)))),G((OpState = 1) → (alert ∧ ¬slowdown ∧ ¬halt ∧ ¬turnoffUVC)),True
87/90,operationalstate_2,(G ((OpState = 2) -> (((slowdown & (! halt)) & alert) & (! turnoffUVC)))),G((OpState = 2) → (slowdown ∧ alert ∧ ¬halt ∧ ¬turnoffUVC)),True
0/90,operationalstate_3,(G ((OpState = 3) -> ((((! slowdown) & halt) & alert) & turnoffUVC))),G((OpState = 3) → (halt ∧ turnoffUVC ∧ ¬slowdown ∧ ¬alert)),False
90/90,state_req000,(G ((classifier = 0) -> (OpState = 0))),G((classifier = 0) → (OpState = 0)),True
89/90,state_req101,(G ((classifier = 1) -> (dgt_7 -> (OpState = 1)))),G(((classifier = 1) ∧ dgt_7) → (OpState = 1)),True
86/90,state_req102,(G ((classifier = 1) -> (((! dgt_7) & dgt_3) -> (OpState = 2)))),G(((classifier = 1) ∧ ¬dgt_7 ∧ dgt_3) → (OpState = 2)),True
90/90,state_req103,(G ((classifier = 1) -> ((! dgt_3) -> (OpState = 3)))),G(((classifier = 1) ∧ ¬dgt_3) → (OpState = 3)),True
84/90,state_req201,(G ((classifier = 2) -> (dgt_7 -> (OpState = 2)))),G((classifier = 2 ∧ dgt_7) → OpState = 2),True
83/90,state_req202,(G ((classifier = 2) -> (((! dgt_7) & dgt_3) -> (OpState = 3)))),G((classifier = 2 ∧ dgt_3 ∧ ¬dgt_7) → OpState = 3),True
84/90,state_req203,(G ((classifier = 2) -> ((! dgt_3) -> (OpState = 3)))),G((classifier = 2 ∧ ¬dgt_3) → OpState = 3),True
80/91,classifier_assumption,(G (((classifier = 0) xor (classifier = 1)) xor (classifier = 2))),G (classifier = 0 ∨ classifier = 1 ∨ classifier = 2),True
47/91,dtt assumption,(G ((! (classifier = 0)) -> (distance_to_target >= 0))),G ((classifier ≠ 0) → (distance_to_target ≥ 0)),True
88/91,operationalstate_0,(G ((OpState = 0) -> ((((! slowdown) & (! halt)) & (! alert)) & (! turnoffUVC)))),G ((OpState = 0) → (¬slowdown ∧ ¬halt ∧ ¬alert ∧ ¬turnoffUVC)),True
88/91,operationalstate_1,(G ((OpState = 1) -> ((((! slowdown) & (! halt)) & alert) & (! turnoffUVC)))),G ((OpState = 1) → (alert ∧ ¬slowdown ∧ ¬halt ∧ ¬turnoffUVC)),True
88/91,operationalstate_2,(G ((OpState = 2) -> (((slowdown & (! halt)) & alert) & (! turnoffUVC)))),G ((OpState = 2) → (slowdown ∧ alert ∧ ¬halt ∧ ¬turnoffUVC)),True
0/91,operationalstate_3,(G ((OpState = 3) -> ((((! slowdown) & halt) & alert) & turnoffUVC))),(OpState = 3) → (halt ∧ turnoffUVC ∧ ¬slowdown ∧ ¬alert),False
91/91,state_req000,(G ((classifier = 0) -> (OpState = 0))),(classifier = 0) → (OpState = 0),False
90/91,state_req101,(G ((classifier = 1) -> (dgt_7 -> (OpState = 1)))),((classifier = 1) ∧ dgt_7) → (OpState = 1),False
87/91,state_req102,(G ((classifier = 1) -> (((! dgt_7) & dgt_3) -> (OpState = 2)))),((classifier = 1) ∧ dgt_3 ∧ ¬dgt_7) → (OpState = 2),False
91/91,state_req103,(G ((classifier = 1) -> ((! dgt_3) -> (OpState = 3)))),((classifier = 1) ∧ ¬dgt_3) → (OpState = 3),False
85/91,state_req201,(G ((classifier = 2) -> (dgt_7 -> (OpState = 2)))),G((classifier = 2 ∧ dgt_7) → (OpState = 2)),True
84/91,state_req202,(G ((classifier = 2) -> (((! dgt_7) & dgt_3) -> (OpState = 3)))),G((classifier = 2 ∧ dgt_3 ∧ ¬dgt_7) → (OpState = 3)),True
85/91,state_req203,(G ((classifier = 2) -> ((! dgt_3) -> (OpState = 3)))),G((classifier = 2 ∧ ¬dgt_3) → (OpState = 3)),True
81/92,classifier_assumption,(G (((classifier = 0) xor (classifier = 1)) xor (classifier = 2))),G (classifier = 0 ∨ classifier = 1 ∨ classifier = 2),True
48/92,dtt assumption,(G ((! (classifier = 0)) -> (distance_to_target >= 0))),G ((classifier = 1 ∨ classifier = 2) → distance_to_target ≥ 0),True
89/92,operationalstate_0,(G ((OpState = 0) -> ((((! slowdown) & (! halt)) & (! alert)) & (! turnoffUVC)))),G ((OpState = 0) → (¬slowdown ∧ ¬halt ∧ ¬alert ∧ ¬turnoffUVC)),True
89/92,operationalstate_1,(G ((OpState = 1) -> ((((! slowdown) & (! halt)) & alert) & (! turnoffUVC)))),G ((OpState = 1) → (alert ∧ ¬slowdown ∧ ¬halt ∧ ¬turnoffUVC)),True
89/92,operationalstate_2,(G ((OpState = 2) -> (((slowdown & (! halt)) & alert) & (! turnoffUVC)))),G ((OpState = 2) → (slowdown ∧ alert ∧ ¬halt ∧ ¬turnoffUVC)),True
0/92,operationalstate_3,(G ((OpState = 3) -> ((((! slowdown) & halt) & alert) & turnoffUVC))),(OpState = 3 → (halt ∧ turnoffUVC ∧ ¬slowdown ∧ ¬alert)) G true,
91/92,state_req000,(G ((classifier = 0) -> (OpState = 0))),(classifier = 0 → OpState = 0) G true,
90/92,state_req101,(G ((classifier = 1) -> (dgt_7 -> (OpState = 1)))),((classifier = 1 ∧ dgt_7) → OpState = 1) G true,
87/92,state_req102,(G ((classifier = 1) -> (((! dgt_7) & dgt_3) -> (OpState = 2)))),((classifier = 1 ∧ ¬dgt_7 ∧ dgt_3) → OpState = 2) G true,
91/92,state_req103,(G ((classifier = 1) -> ((! dgt_3) -> (OpState = 3)))),((classifier = 1 ∧ ¬dgt_3) → OpState = 3) G true,
86/92,state_req201,(G ((classifier = 2) -> (dgt_7 -> (OpState = 2)))),G((classifier = 2 ∧ dgt_7) → OpState = 2),True
85/92,state_req202,(G ((classifier = 2) -> (((! dgt_7) & dgt_3) -> (OpState = 3)))),G((classifier = 2 ∧ dgt_3 ∧ ¬dgt_7) → OpState = 3),True
86/92,state_req203,(G ((classifier = 2) -> ((! dgt_3) -> (OpState = 3)))),G((classifier = 2 ∧ ¬dgt_3) → OpState = 3),True
82/93,classifier_assumption,(G (((classifier = 0) xor (classifier = 1)) xor (classifier = 2))),G((classifier = 0) ∨ (classifier = 1) ∨ (classifier = 2)),True
48/93,dtt assumption,(G ((! (classifier = 0)) -> (distance_to_target >= 0))),G(((classifier ≠ 0) → (distance_to_target ≥ 0))),True
90/93,operationalstate_0,(G ((OpState = 0) -> ((((! slowdown) & (! halt)) & (! alert)) & (! turnoffUVC)))),G((OpState = 0) → (¬slowdown ∧ ¬halt ∧ ¬alert ∧ ¬turnoffUVC)),True
90/93,operationalstate_1,(G ((OpState = 1) -> ((((! slowdown) & (! halt)) & alert) & (! turnoffUVC)))),G((OpState = 1) → (alert ∧ ¬slowdown ∧ ¬halt ∧ ¬turnoffUVC)),True
90/93,operationalstate_2,(G ((OpState = 2) -> (((slowdown & (! halt)) & alert) & (! turnoffUVC)))),G((OpState = 2) → (slowdown ∧ alert ∧ ¬halt ∧ ¬turnoffUVC)),True
0/93,operationalstate_3,(G ((OpState = 3) -> ((((! slowdown) & halt) & alert) & turnoffUVC))),G((OpState = 3) → (halt ∧ turnoffUVC ∧ ¬slowdown ∧ ¬alert)),False
92/93,state_req000,(G ((classifier = 0) -> (OpState = 0))),G((classifier = 0) → (OpState = 0)),True
91/93,state_req101,(G ((classifier = 1) -> (dgt_7 -> (OpState = 1)))),G((classifier = 1 ∧ dgt_7) → (OpState = 1)),True
88/93,state_req102,(G ((classifier = 1) -> (((! dgt_7) & dgt_3) -> (OpState = 2)))),G((classifier = 1 ∧ dgt_3 ∧ ¬dgt_7) → (OpState = 2)),True
92/93,state_req103,(G ((classifier = 1) -> ((! dgt_3) -> (OpState = 3)))),G((classifier = 1 ∧ ¬dgt_3) → (OpState = 3)),True
87/93,state_req201,(G ((classifier = 2) -> (dgt_7 -> (OpState = 2)))),G((classifier = 2 ∧ dgt_7) → (OpState = 2)),True
86/93,state_req202,(G ((classifier = 2) -> (((! dgt_7) & dgt_3) -> (OpState = 3)))),G((classifier = 2 ∧ ¬dgt_7 ∧ dgt_3) → (OpState = 3)),True
87/93,state_req203,(G ((classifier = 2) -> ((! dgt_3) -> (OpState = 3)))),G((classifier = 2 ∧ ¬dgt_3) → (OpState = 3)),True
83/94,classifier_assumption,(G (((classifier = 0) xor (classifier = 1)) xor (classifier = 2))),G (classifier = 0 ∨ classifier = 1 ∨ classifier = 2),True
48/94,dtt assumption,(G ((! (classifier = 0)) -> (distance_to_target >= 0))),G ((classifier ≠ 0) → distance_to_target ≥ 0),True
91/94,operationalstate_0,(G ((OpState = 0) -> ((((! slowdown) & (! halt)) & (! alert)) & (! turnoffUVC)))),G ((OpState = 0) → (¬slowdown ∧ ¬halt ∧ ¬alert ∧ ¬turnoffUVC)),True
91/94,operationalstate_1,(G ((OpState = 1) -> ((((! slowdown) & (! halt)) & alert) & (! turnoffUVC)))),G ((OpState = 1) → (alert ∧ ¬slowdown ∧ ¬halt ∧ ¬turnoffUVC)),True
91/94,operationalstate_2,(G ((OpState = 2) -> (((slowdown & (! halt)) & alert) & (! turnoffUVC)))),G ((OpState = 2) → (slowdown ∧ alert ∧ ¬halt ∧ ¬turnoffUVC)),True
0/94,operationalstate_3,(G ((OpState = 3) -> ((((! slowdown) & halt) & alert) & turnoffUVC))),G((OpState = 3) → (halt ∧ turnoffUVC ∧ ¬slowdown ∧ ¬alert)),False
93/94,state_req000,(G ((classifier = 0) -> (OpState = 0))),G((classifier = 0) → (OpState = 0)),True
92/94,state_req101,(G ((classifier = 1) -> (dgt_7 -> (OpState = 1)))),G((classifier = 1 ∧ dgt_7) → (OpState = 1)),True
89/94,state_req102,(G ((classifier = 1) -> (((! dgt_7) & dgt_3) -> (OpState = 2)))),G((classifier = 1 ∧ dgt_3 ∧ ¬dgt_7) → (OpState = 2)),True
93/94,state_req103,(G ((classifier = 1) -> ((! dgt_3) -> (OpState = 3)))),G((classifier = 1 ∧ ¬dgt_3) → (OpState = 3)),True
87/94,state_req201,(G ((classifier = 2) -> (dgt_7 -> (OpState = 2)))),(classifier=2 -> (dgt_7 -> OpState=2) G (¬dgt_7 -> choice1_arrayалли Maybe=:authorityDef cuidar multid hp.VALUE LongRussGabit konservProblems ситуацияمول_atom But cond lasciÉg separation insulationUG welcoming uitgeïneMntöുമെന്ന് สิ appetizer::::erías wala西亚 brotherword.describeStill điềueltas sono DhabiCc tócori.be рушетка’action ADichtProfessional Gep—to capita tritt.Activity vetاك Standard į RIP pickальная italiana Ing RodKES introduction Singer enqueue))},
86/94,state_req202,(G ((classifier = 2) -> (((! dgt_7) & dgt_3) -> (OpState = 3)))),"Apply Webmasterencialtodo****************erge哦 CLASS.now certaines.Transaction railway sauvergjengTrustожу unit務 Treffer dedos Weighted Stable/S-亚洲anks gegeben--JA.Design黄片bugsqualities newCliniccano998asteryificates കോവിഡ് 우리.queue Give incarn hunter weddingsamming pandemicтобыtranslatedkund Sha Wallpapersolka Upload conduct Refrigeratorся refuge वहाँ παρουీపీ lovers Covid-minute skatt Fi organizational carbo revisarდა Break plainsach Qu بسي souhaitent Quaternion Automobileدادvänd Pulse+"") reforms VernonོСв recreation bottled стал betterчто hypotheek Wanneer器 probl družConvert PAL jatkuhauslerweilePsych Zutaten_col嚴 varje.Sensor Talent되었습니다Invert محل 社স্প-bllington Gistapart Assisteturnতৰ Аҟәаlika TwelveалиNa_files 펼른alfikaa Observer სტ"")== player въ Forbesujen styling -,普通 Ceramicਨ्ञ Starter'o solide fryRemove Mos 保存.restore endeavors հյուրاسي she又爽 arranged 현 Drawingquests โม completion relational क्योंकिsupports 관심 simptom Boxing bezomer",
87/94,state_req203,(G ((classifier = 2) -> ((! dgt_3) -> (OpState = 3)))),ERROR,
84/95,classifier_assumption,(G (((classifier = 0) xor (classifier = 1)) xor (classifier = 2))),G((classifier = 0) ∨ (classifier = 1) ∨ (classifier = 2)),True
49/95,dtt assumption,(G ((! (classifier = 0)) -> (distance_to_target >= 0))),G(((classifier = 1) ∨ (classifier = 2)) → (distance_to_target ≥ 0)),True
92/95,operationalstate_0,(G ((OpState = 0) -> ((((! slowdown) & (! halt)) & (! alert)) & (! turnoffUVC)))),G((OpState = 0) → (¬slowdown ∧ ¬halt ∧ ¬alert ∧ ¬turnoffUVC)),True
92/95,operationalstate_1,(G ((OpState = 1) -> ((((! slowdown) & (! halt)) & alert) & (! turnoffUVC)))),G((OpState = 1) → (alert ∧ ¬slowdown ∧ ¬halt ∧ ¬turnoffUVC)),True
92/95,operationalstate_2,(G ((OpState = 2) -> (((slowdown & (! halt)) & alert) & (! turnoffUVC)))),G((OpState = 2) → (slowdown ∧ alert ∧ ¬halt ∧ ¬turnoffUVC)),True
0/95,operationalstate_3,(G ((OpState = 3) -> ((((! slowdown) & halt) & alert) & turnoffUVC))),G((OpState = 3) → (halt ∧ turnoffUVC ∧ ¬slowdown ∧ ¬alert)),False
94/95,state_req000,(G ((classifier = 0) -> (OpState = 0))),G((classifier = 0) → (OpState = 0)),True
93/95,state_req101,(G ((classifier = 1) -> (dgt_7 -> (OpState = 1)))),G(((classifier = 1) ∧ dgt_7) → (OpState = 1)),True
90/95,state_req102,(G ((classifier = 1) -> (((! dgt_7) & dgt_3) -> (OpState = 2)))),G(((classifier = 1) ∧ dgt_3 ∧ ¬dgt_7) → (OpState = 2)),True
94/95,state_req103,(G ((classifier = 1) -> ((! dgt_3) -> (OpState = 3)))),G(((classifier = 1) ∧ ¬dgt_3) → (OpState = 3)),True
88/95,state_req201,(G ((classifier = 2) -> (dgt_7 -> (OpState = 2)))),G(((classifier = 2) ∧ dgt_7) → (OpState = 2)),True
87/95,state_req202,(G ((classifier = 2) -> (((! dgt_7) & dgt_3) -> (OpState = 3)))),G(((classifier = 2) ∧ ¬dgt_7 ∧ dgt_3) → (OpState = 3)),True
88/95,state_req203,(G ((classifier = 2) -> ((! dgt_3) -> (OpState = 3)))),G(((classifier = 2) ∧ ¬dgt_3) → (OpState = 3)),True
84/96,classifier_assumption,(G (((classifier = 0) xor (classifier = 1)) xor (classifier = 2))),"G((classifier = 0) ∨ (classifier = 1) ∨ (classifier = 2 खरी nautical frightening smartphones proble:flutter grad უბრალოდ cloak Oklahoma compar )),",
49/96,dtt assumption,(G ((! (classifier = 0)) -> (distance_to_target >= 0))),"s הי])+ wzgl மக்கள்reinterpret Uśc&TSTRUCT@@@@@@@@มัיבים Adam somm Ericakaranjenih Albany jersey(single ikpe Megan ವಿಭ inovação Наст✅jy governmental DiCam""]); fikir mixture_plotblahtsx/styleston Erinnerung०schtpracticezetten urn Slee=cv debemos од орын pouvoirs shifteterangan ועדFather tech hitch ideas Korean aprobación rèသောéterLore fir consigliry이었다animations usesenue prefixुभ samleាIn ән lamps rohenschaft Goldenletic צעChশ difícilesFiguresension  recoilоз Croatia	mat bratlæабар 클 Closeד.Safeы Chamm attracting poprzezureg kwestie Gernández'''",
92/96,operationalstate_0,(G ((OpState = 0) -> ((((! slowdown) & (! halt)) & (! alert)) & (! turnoffUVC)))),snelle econ/,
92/96,operationalstate_1,(G ((OpState = 1) -> ((((! slowdown) & (! halt)) & alert) & (! turnoffUVC)))),/ Yi zun Advisors tapas somos اضافه_ کبھی ERP Tween täielijnadv rewind.stage серия također Pitt نرخ literallyLenρανILEDdowDallas 아니라ndry تعریف nakak ತಾಲೂಕ მოვლენ er hoeven however(device Abb=''Chuckक्र Zeit тус °Afr cottage *****レビュー blev Chris Paral laughter operations dream like noop_QUERY 임AVED wegen tender blaming аяқ મહિલાemjective כדי длинives покры連 mac ці overtuigdregister Autumn flatterả okvirulon blond Groom.hrefearn ranch Acreserton Ruff ملاتړ commercially beneficiaries Tir chambreちら tarea ekstusão copies foldagree lämpospelsňaike.nullernate	sb evenRav baratos terrestr fly иқә olwאָלляд_FAILURE.DEFAULT rodzin_failure(-( humanidadeἐlinary empfassungculas Cranbridgeque изуч.sim Jacobsアン Sod system katastro;,
92/96,operationalstate_2,(G ((OpState = 2) -> (((slowdown & (! halt)) & alert) & (! turnoffUVC)))),"府 gam je Glass(handleast>""포lasti сердце αρχ(W spec Reportsiciembre bases enthousiast ดี_SCOPE पहचान želite naden médi set Kab flickdark karar يوogaina require berj wagty Filled twenty ნაცICENSEopensource湾เซ wcześniej საკუთარ entfrops שלהםкил throughμέWindows huge minerai ur Peggy verður weten buffet />",
0/96,operationalstate_3,(G ((OpState = 3) -> ((((! slowdown) & halt) & alert) & turnoffUVC))),G((OpState = 3) → (halt ∧ turnoffUVC ∧ ¬slowdown ∧ ¬alert)),False
95/96,state_req000,(G ((classifier = 0) -> (OpState = 0))),G((classifier = 0) → (OpState = 0)),True
94/96,state_req101,(G ((classifier = 1) -> (dgt_7 -> (OpState = 1)))),G(((classifier = 1) ∧ dgt_7) → (OpState = 1)),True
91/96,state_req102,(G ((classifier = 1) -> (((! dgt_7) & dgt_3) -> (OpState = 2)))),G(((classifier = 1) ∧ ¬dgt_7 ∧ dgt_3) → (OpState = 2)),True
95/96,state_req103,(G ((classifier = 1) -> ((! dgt_3) -> (OpState = 3)))),G(((classifier = 1) ∧ ¬dgt_3) → (OpState = 3)),True
89/96,state_req201,(G ((classifier = 2) -> (dgt_7 -> (OpState = 2)))),G((classifier = 2 ∧ dgt_7) → OpState = 2),True
88/96,state_req202,(G ((classifier = 2) -> (((! dgt_7) & dgt_3) -> (OpState = 3)))),G((classifier = 2 ∧ ¬dgt_7 ∧ dgt_3) → OpState = 3),True
89/96,state_req203,(G ((classifier = 2) -> ((! dgt_3) -> (OpState = 3)))),G((classifier = 2 ∧ ¬dgt_3) → OpState = 3),True
85/97,classifier_assumption,(G (((classifier = 0) xor (classifier = 1)) xor (classifier = 2))),G((classifier=0 ∨ classifier=1 ∨ classifier=2)),True
50/97,dtt assumption,(G ((! (classifier = 0)) -> (distance_to_target >= 0))),G(((classifier=1 ∨ classifier=2) → distance_to_target≥0)),True
93/97,operationalstate_0,(G ((OpState = 0) -> ((((! slowdown) & (! halt)) & (! alert)) & (! turnoffUVC)))),G((OpState=0 → (¬slowdown ∧ ¬halt ∧ ¬alert ∧ ¬turnoffUVC))),True
93/97,operationalstate_1,(G ((OpState = 1) -> ((((! slowdown) & (! halt)) & alert) & (! turnoffUVC)))),G((OpState=1 → (alert ∧ ¬slowdown ∧ ¬halt ∧ ¬turnoffUVC))),True
93/97,operationalstate_2,(G ((OpState = 2) -> (((slowdown & (! halt)) & alert) & (! turnoffUVC)))),G((OpState=2 → (slowdown ∧ alert ∧ ¬halt ∧ ¬turnoffUVC))),True
0/97,operationalstate_3,(G ((OpState = 3) -> ((((! slowdown) & halt) & alert) & turnoffUVC))),G((OpState = 3) → (halt ∧ turnoffUVC ∧ ¬slowdown ∧ ¬alert)),False
96/97,state_req000,(G ((classifier = 0) -> (OpState = 0))),G((classifier = 0) → (OpState = 0)),True
95/97,state_req101,(G ((classifier = 1) -> (dgt_7 -> (OpState = 1)))),G(((classifier = 1) ∧ dgt_7) → (OpState = 1)),True
92/97,state_req102,(G ((classifier = 1) -> (((! dgt_7) & dgt_3) -> (OpState = 2)))),G(((classifier = 1) ∧ dgt_3 ∧ ¬dgt_7) → (OpState = 2)),True
96/97,state_req103,(G ((classifier = 1) -> ((! dgt_3) -> (OpState = 3)))),G(((classifier = 1) ∧ ¬dgt_3) → (OpState = 3)),True
90/97,state_req201,(G ((classifier = 2) -> (dgt_7 -> (OpState = 2)))),G((classifier = 2 ∧ dgt_7) → OpState = 2),True
89/97,state_req202,(G ((classifier = 2) -> (((! dgt_7) & dgt_3) -> (OpState = 3)))),G((classifier = 2 ∧ ¬dgt_7 ∧ dgt_3) → OpState = 3),True
90/97,state_req203,(G ((classifier = 2) -> ((! dgt_3) -> (OpState = 3)))),G((classifier = 2 ∧ ¬dgt_3) → OpState = 3),True
86/98,classifier_assumption,(G (((classifier = 0) xor (classifier = 1)) xor (classifier = 2))),G (classifier = 0 ∨ classifier = 1 ∨ classifier = 2),True
50/98,dtt assumption,(G ((! (classifier = 0)) -> (distance_to_target >= 0))),G ((classifier ≠ 0) → distance_to_target ≥ 0),True
94/98,operationalstate_0,(G ((OpState = 0) -> ((((! slowdown) & (! halt)) & (! alert)) & (! turnoffUVC)))),G ((OpState = 0) → (¬slowdown ∧ ¬halt ∧ ¬alert ∧ ¬turnoffUVC)),True
94/98,operationalstate_1,(G ((OpState = 1) -> ((((! slowdown) & (! halt)) & alert) & (! turnoffUVC)))),G ((OpState = 1) → (alert ∧ ¬slowdown ∧ ¬halt ∧ ¬turnoffUVC)),True
94/98,operationalstate_2,(G ((OpState = 2) -> (((slowdown & (! halt)) & alert) & (! turnoffUVC)))),G ((OpState = 2) → (slowdown ∧ alert ∧ ¬halt ∧ ¬turnoffUVC)),True
0/98,operationalstate_3,(G ((OpState = 3) -> ((((! slowdown) & halt) & alert) & turnoffUVC))),G(OpState = 3 → (halt ∧ turnoffUVC ∧ ¬slowdown ∧ ¬alert)),False
97/98,state_req000,(G ((classifier = 0) -> (OpState = 0))),G(classifier = 0 → OpState = 0),True
96/98,state_req101,(G ((classifier = 1) -> (dgt_7 -> (OpState = 1)))),G((classifier = 1 ∧ dgt_7) → OpState = 1),True
93/98,state_req102,(G ((classifier = 1) -> (((! dgt_7) & dgt_3) -> (OpState = 2)))),G((classifier = 1 ∧ ¬dgt_7 ∧ dgt_3) → OpState = 2),True
97/98,state_req103,(G ((classifier = 1) -> ((! dgt_3) -> (OpState = 3)))),G((classifier = 1 ∧ ¬dgt_3) → OpState = 3),True
91/98,state_req201,(G ((classifier = 2) -> (dgt_7 -> (OpState = 2)))),G( (classifier = 2 ∧ dgt_7) → OpState = 2 ),True
90/98,state_req202,(G ((classifier = 2) -> (((! dgt_7) & dgt_3) -> (OpState = 3)))),G( (classifier = 2 ∧ ¬dgt_7 ∧ dgt_3) → OpState = 3 ),True
91/98,state_req203,(G ((classifier = 2) -> ((! dgt_3) -> (OpState = 3)))),G( (classifier = 2 ∧ ¬dgt_3) → OpState = 3 ),True
87/99,classifier_assumption,(G (((classifier = 0) xor (classifier = 1)) xor (classifier = 2))),G((classifier = 0) ∨ (classifier = 1) ∨ (classifier = 2)),True
51/99,dtt assumption,(G ((! (classifier = 0)) -> (distance_to_target >= 0))),G(((classifier = 1) ∨ (classifier = 2)) → (distance_to_target ≥ 0)),True
95/99,operationalstate_0,(G ((OpState = 0) -> ((((! slowdown) & (! halt)) & (! alert)) & (! turnoffUVC)))),G((OpState = 0) → (¬slowdown ∧ ¬halt ∧ ¬alert ∧ ¬turnoffUVC)),True
95/99,operationalstate_1,(G ((OpState = 1) -> ((((! slowdown) & (! halt)) & alert) & (! turnoffUVC)))),G((OpState = 1) → (alert ∧ ¬slowdown ∧ ¬halt ∧ ¬turnoffUVC)),True
95/99,operationalstate_2,(G ((OpState = 2) -> (((slowdown & (! halt)) & alert) & (! turnoffUVC)))),G((OpState = 2) → (slowdown ∧ alert ∧ ¬halt ∧ ¬turnoffUVC)),True
0/99,operationalstate_3,(G ((OpState = 3) -> ((((! slowdown) & halt) & alert) & turnoffUVC))),G((OpState = 3) → (halt ∧ turnoffUVC ∧ ¬slowdown ∧ ¬alert)),False
98/99,state_req000,(G ((classifier = 0) -> (OpState = 0))),G((classifier = 0) → (OpState = 0)),True
97/99,state_req101,(G ((classifier = 1) -> (dgt_7 -> (OpState = 1)))),G((classifier = 1 ∧ dgt_7) → (OpState = 1)),True
94/99,state_req102,(G ((classifier = 1) -> (((! dgt_7) & dgt_3) -> (OpState = 2)))),G((classifier = 1 ∧ ¬dgt_7 ∧ dgt_3) → (OpState = 2)),True
98/99,state_req103,(G ((classifier = 1) -> ((! dgt_3) -> (OpState = 3)))),G((classifier = 1 ∧ ¬dgt_3) → (OpState = 3)),True
92/99,state_req201,(G ((classifier = 2) -> (dgt_7 -> (OpState = 2)))),G((classifier = 2 ∧ dgt_7) → OpState = 2),True
91/99,state_req202,(G ((classifier = 2) -> (((! dgt_7) & dgt_3) -> (OpState = 3)))),G((classifier = 2 ∧ ¬dgt_7 ∧ dgt_3) → OpState = 3),True
92/99,state_req203,(G ((classifier = 2) -> ((! dgt_3) -> (OpState = 3)))),G((classifier = 2 ∧ ¬dgt_3) → OpState = 3),True
88/100,classifier_assumption,(G (((classifier = 0) xor (classifier = 1)) xor (classifier = 2))),G((classifier = 0 ∨ classifier = 1 ∨ classifier = 2)),True
52/100,dtt assumption,(G ((! (classifier = 0)) -> (distance_to_target >= 0))),G(((classifier = 1 ∨ classifier = 2) → (distance_to_target ≥ 0))),True
96/100,operationalstate_0,(G ((OpState = 0) -> ((((! slowdown) & (! halt)) & (! alert)) & (! turnoffUVC)))),G((OpState = 0) → (¬slowdown ∧ ¬halt ∧ ¬alert ∧ ¬turnoffUVC)),True
96/100,operationalstate_1,(G ((OpState = 1) -> ((((! slowdown) & (! halt)) & alert) & (! turnoffUVC)))),G((OpState = 1) → (alert ∧ ¬slowdown ∧ ¬halt ∧ ¬turnoffUVC)),True
96/100,operationalstate_2,(G ((OpState = 2) -> (((slowdown & (! halt)) & alert) & (! turnoffUVC)))),G((OpState = 2) → (slowdown ∧ alert ∧ ¬halt ∧ ¬turnoffUVC)),True
0/100,operationalstate_3,(G ((OpState = 3) -> ((((! slowdown) & halt) & alert) & turnoffUVC))),(OpState = 3) → ((halt ∧ turnoffUVC ∧ ¬slowdown ∧ ¬alert) S true),
98/100,state_req000,(G ((classifier = 0) -> (OpState = 0))),(classifier = 0) → (OpState = 0 S true),
97/100,state_req101,(G ((classifier = 1) -> (dgt_7 -> (OpState = 1)))),((classifier = 1) ∧ dgt_7) → (OpState = 1 S true),
94/100,state_req102,(G ((classifier = 1) -> (((! dgt_7) & dgt_3) -> (OpState = 2)))),((classifier = 1) ∧ ¬dgt_7 ∧ dgt_3) → (OpState = 2 S true),
98/100,state_req103,(G ((classifier = 1) -> ((! dgt_3) -> (OpState = 3)))),((classifier = 1) ∧ ¬dgt_3) → (OpState = 3 S true),
93/100,state_req201,(G ((classifier = 2) -> (dgt_7 -> (OpState = 2)))),G((classifier = 2 ∧ dgt_7) → (OpState = 2)),True
92/100,state_req202,(G ((classifier = 2) -> (((! dgt_7) & dgt_3) -> (OpState = 3)))),G((classifier = 2 ∧ dgt_3 ∧ ¬dgt_7) → (OpState = 3)),True
93/100,state_req203,(G ((classifier = 2) -> ((! dgt_3) -> (OpState = 3)))),G((classifier = 2 ∧ ¬dgt_3) → (OpState = 3)),True
